{
    "Analysis of Algorithms": {
        "Asymptotic Analysis": "http://www.geeksforgeeks.org/analysis-of-algorithms-set-1-asymptotic-analysis/", 
        "Asymptotic Notations": "http://www.geeksforgeeks.org/analysis-of-algorithms-set-3asymptotic-notations/", 
        "Worst, Average and Best Cases": "http://www.geeksforgeeks.org/analysis-of-algorithms-set-2-asymptotic-analysis/", 
        "Solving Recurrences": "http://www.geeksforgeeks.org/analysis-algorithm-set-4-master-method-solving-recurrences/", 
        "Amortized Analysis": "http://www.geeksforgeeks.org/analysis-algorithm-set-5-amortized-analysis-introduction/", 
        "Analysis of Loops": "http://www.geeksforgeeks.org/analysis-algorithms-set-4-analysis-programs/", 
        "What does 'Space Complexity' mean?": "http://www.geeksforgeeks.org/g-fact-86/", 
        "A Time Complexity Question": "http://www.geeksforgeeks.org/a-time-complexity-question/", 
        "Time Complexity of building a heap": "http://www.geeksforgeeks.org/g-fact-85/", 
        "Time Complexity where loop variable is incremented by 1, 2, 3..": "http://www.geeksforgeeks.org/time-complexity-where-loop-variable-is-incremented-by-1-2-3-4/", 
        "Time Complexity of Loop with Powers": "http://www.geeksforgeeks.org/time-complexity-of-loop-with-powers/",
        "NP-Completeness Introduction": "http://www.geeksforgeeks.org/np-completeness-set-1/"
    }, 
    "Searching and Sorting": {
        "Interpolation search vs Binary search": "http://www.geeksforgeeks.org/g-fact-84/", 
        "Why is Binary Search preferred over Ternary Search?": "http://www.geeksforgeeks.org/binary-search-preferred-ternary-search/", 
        "A Problem in Many Binary Search Implementations": "http://www.geeksforgeeks.org/problem-binary-search-implementations/", 
        "Stability in sorting algorithms": "http://www.geeksforgeeks.org/stability-in-sorting-algorithms/", 
        "Why Quick Sort preferred for Arrays and Merge Sort for Linked Lists?": "http://www.geeksforgeeks.org/why-quick-sort-preferred-for-arrays-and-merge-sort-for-linked-lists/", 
        "When does the worst case of Quicksort occur?": "http://www.geeksforgeeks.org/when-does-the-worst-case-of-quicksort-occur/", 
        "Lower bound for comparison based sorting algorithms": "http://www.geeksforgeeks.org/lower-bound-on-comparison-based-sorting-algorithms/", 
        "Which sorting algorithm makes minimum number of memory writes?": "http://www.geeksforgeeks.org/which-sorting-algorithm-makes-minimum-number-of-writes/", 
        "Sort an array in wave form": "http://www.geeksforgeeks.org/sort-array-wave-form-2/", 
        "Sort a nearly sorted (or K sorted) array": "http://www.geeksforgeeks.org/nearly-sorted-algorithm/", 
        "Sort n numbers in range from 0 to n^2 - 1 in linear time": "http://www.geeksforgeeks.org/sort-n-numbers-range-0-n2-1-linear-time/", 
        "Search in an almost sorted array": "http://www.geeksforgeeks.org/search-almost-sorted-array/", 
        "Iterative Quick Sort": "http://www.geeksforgeeks.org/iterative-quick-sort/", 
        "Bucket Sort": "http://www.geeksforgeeks.org/bucket-sort-2/", 
        "Merge Sort for Linked Lists": "http://www.geeksforgeeks.org/merge-sort-for-linked-list/", 
        "Merge Sort for Doubly Linked List": "http://www.geeksforgeeks.org/merge-sort-for-doubly-linked-list/",
        "QuickSort on Singly Linked List": "http://www.geeksforgeeks.org/quicksort-on-singly-linked-list/", 
        "QuickSort on Doubly Linked List": "http://www.geeksforgeeks.org/quicksort-for-linked-list/", 
        "Find k closest elements to a given value": "http://www.geeksforgeeks.org/find-k-closest-elements-given-value/", 
        "Find the closest pair from two sorted arrays": "http://www.geeksforgeeks.org/given-two-sorted-arrays-number-x-find-pair-whose-sum-closest-x/", 
        "Find common elements in three sorted arrays": "http://www.geeksforgeeks.org/find-common-elements-three-sorted-arrays/", 
        "Find the Minimum length Unsorted Subarray, sorting which makes the complete array sorted": "http://www.geeksforgeeks.org/minimum-length-unsorted-subarray-sorting-which-makes-the-complete-array-sorted/", 
        "K'th Smallest/Largest Element in Unsorted Array": "http://www.geeksforgeeks.org/kth-smallestlargest-element-unsorted-array-set-2-expected-linear-time/", 
        "K'th Smallest/Largest Element in Unsorted Array in Expected Linear Time": "http://www.geeksforgeeks.org/kth-smallestlargest-element-unsorted-array-set-2-expected-linear-time/", 
        "K'th Smallest/Largest Element in Unsorted Array in Worst Case Linear Time": "http://www.geeksforgeeks.org/kth-smallestlargest-element-unsorted-array-set-3-worst-case-linear-time/"
    }, 
    "Greedy Algorithms": {
        "Activity Selection Problem": "http://www.geeksforgeeks.org/greedy-algorithms-set-1-activity-selection-problem/", 
        "Job Sequencing Problem": "http://www.geeksforgeeks.org/job-sequencing-problem-set-1-greedy-algorithm/", 
        "Huffman Coding": "http://www.geeksforgeeks.org/greedy-algorithms-set-3-huffman-coding/", 
        "Efficient Huffman Coding for Sorted Input": "http://www.geeksforgeeks.org/greedy-algorithms-set-3-huffman-coding-set-2/", 
        "Dijkstra's Shortest Path Algorithm": "http://www.geeksforgeeks.org/greedy-algorithms-set-6-dijkstras-shortest-path-algorithm/", 
        "Dijkstra's Algorithm for Adjacency List Representation": "http://www.geeksforgeeks.org/greedy-algorithms-set-7-dijkstras-algorithm-for-adjacency-list-representation/", 
        "Kruskal's Minimum Spanning Tree Algorithm": "http://www.geeksforgeeks.org/greedy-algorithms-set-2-kruskals-minimum-spanning-tree-mst/", 
        "Prim's Minimum Spanning Tree Algorithm": "http://www.geeksforgeeks.org/greedy-algorithms-set-5-prims-minimum-spanning-tree-mst-2/", 
        "Prim's MST for Adjacency List Representation": "http://www.geeksforgeeks.org/greedy-algorithms-set-5-prims-mst-for-adjacency-list-representation/", 
        "K Centers Problem": "http://www.geeksforgeeks.org/k-centers-problem-set-1-greedy-approximate-algorithm/"
    }, 
    "Dynamic Programming": {
        "Set 1 (Overlapping Subproblems Property)": "http://www.geeksforgeeks.org/dynamic-programming-set-1/", 
        "Set 2 (Optimal Substructure Property)": "http://www.geeksforgeeks.org/dynamic-programming-set-2-optimal-substructure-property/", 
        "Set 3 (Longest Increasing Subsequence)": "http://www.geeksforgeeks.org/dynamic-programming-set-3-longest-increasing-subsequence/", 
        "Set 4 (Longest Common Subsequence)": "http://www.geeksforgeeks.org/dynamic-programming-set-4-longest-common-subsequence/", 
        "Set 5 (Edit Distance)": "http://www.geeksforgeeks.org/dynamic-programming-set-5-edit-distance/", 
        "Set 6 (Min Cost Path)": "http://www.geeksforgeeks.org/dynamic-programming-set-6-min-cost-path/", 
        "Set 7 (Coin Change)": "http://www.geeksforgeeks.org/dynamic-programming-set-7-coin-change/", 
        "Set 8 (Matrix Chain Multiplication)": "http://www.geeksforgeeks.org/dynamic-programming-set-8-matrix-chain-multiplication/", 
        "Set 9 (Binomial Coefficient)": "http://www.geeksforgeeks.org/dynamic-programming-set-9-binomial-coefficient/", 
        "Set 10 (0-1 Knapsack Problem)": "http://www.geeksforgeeks.org/dynamic-programming-set-10-0-1-knapsack-problem/", 
        "Set 11 (Egg Dropping Puzzle)": "http://www.geeksforgeeks.org/dynamic-programming-set-11-egg-dropping-puzzle/", 
        "Set 12 (Longest Palindromic Subsequence)": "http://www.geeksforgeeks.org/dynamic-programming-set-12-longest-palindromic-subsequence/", 
        "Set 13 (Cutting a Rod)": "http://www.geeksforgeeks.org/dynamic-programming-set-13-cutting-a-rod/", 
        "Set 14 (Maximum Sum Increasing Subsequence)": "http://www.geeksforgeeks.org/dynamic-programming-set-14-maximum-sum-increasing-subsequence/", 
        "Set 15 (Longest Bitonic Subsequence)": "http://www.geeksforgeeks.org/dynamic-programming-set-15-longest-bitonic-subsequence/", 
        "Set 16 (Floyd Warshall Algorithm)": "http://www.geeksforgeeks.org/dynamic-programming-set-16-floyd-warshall-algorithm/", 
        "Set 17 (Palindrome Partitioning)": "http://www.geeksforgeeks.org/dynamic-programming-set-17-palindrome-partitioning/", 
        "Set 18 (Partition problem)": "http://www.geeksforgeeks.org/dynamic-programming-set-18-partition-problem/", 
        "Set 19 (Word Wrap Problem)": "http://www.geeksforgeeks.org/dynamic-programming-set-18-word-wrap/", 
        "Set 20 (Maximum Length Chain of Pairs)": "http://www.geeksforgeeks.org/dynamic-programming-set-20-maximum-length-chain-of-pairs/", 
        "Set 21 (Variations of LIS)": "http://www.geeksforgeeks.org/dynamic-programming-set-14-variations-of-lis/", 
        "Set 22 (Box Stacking Problem)": "http://www.geeksforgeeks.org/dynamic-programming-set-21-box-stacking-problem/", 
        "Set 23 (Bellman - Ford Algorithm)": "http://www.geeksforgeeks.org/dynamic-programming-set-23-bellman-ford-algorithm/", 
        "Set 24 (Optimal Binary Search Tree)": "http://www.geeksforgeeks.org/dynamic-programming-set-24-optimal-binary-search-tree/", 
        "Set 25 (Subset Sum Problem)": "http://www.geeksforgeeks.org/dynamic-programming-subset-sum-problem/", 
        "Set 26 (Largest Independent Set Problem)": "http://www.geeksforgeeks.org/largest-independent-set-problem/", 
        "Set 27 (Maximum sum rectangle in a 2D matrix)": "http://www.geeksforgeeks.org/dynamic-programming-set-27-max-sum-rectangle-in-a-2d-matrix/", 
        "Set 28 (Minimum insertions to form a palindrome)": "http://www.geeksforgeeks.org/dynamic-programming-set-28-minimum-insertions-to-form-a-palindrome/", 
        "Set 29 (Longest Common Substring)": "http://www.geeksforgeeks.org/longest-common-substring/", 
        "Set 30 (Dice Throw)": "http://www.geeksforgeeks.org/dice-throw-problem/", 
        "Set 31 (Optimal Strategy for a Game)": "http://www.geeksforgeeks.org/dynamic-programming-set-31-optimal-strategy-for-a-game/", 
        "Set 32 (Word Break Problem)": "http://www.geeksforgeeks.org/dynamic-programming-set-32-word-break-problem/", 
        "Set 33 (Find if a string is interleaved of two other strings)": "http://www.geeksforgeeks.org/check-whether-a-given-string-is-an-interleaving-of-two-other-given-strings-set-2/", 
        "Set 34 (Assembly Line Scheduling)": "http://www.geeksforgeeks.org/dynamic-programming-set-34-assembly-line-scheduling/", 
        "Set 35 (Longest Arithmetic Progression)": "http://www.geeksforgeeks.org/length-of-the-longest-arithmatic-progression-in-a-sorted-array/", 
        "Set 36 (Maximum Product Cutting)": "http://www.geeksforgeeks.org/dynamic-programming-set-36-cut-a-rope-to-maximize-product/", 
        "Set 37 (Boolean Parenthesization Problem)": "http://www.geeksforgeeks.org/dynamic-programming-set-37-boolean-parenthesization-problem/", 
        "Bitmasking and Dynamic Programming  | Set 1 (Count ways to assign unique cap to every person)": "http://www.geeksforgeeks.org/bitmasking-and-dynamic-programming-set-1-count-ways-to-assign-unique-cap-to-every-person/", 
        "Collect maximum points in a grid using two traversals": "http://www.geeksforgeeks.org/collect-maximum-points-in-a-grid-using-two-traversals/", 
        "Compute sum of digits in all numbers from 1 to n": "http://www.geeksforgeeks.org/count-sum-of-digits-in-numbers-from-1-to-n/", 
        "Count Possible Decodings of a given Digit Sequence": "http://www.geeksforgeeks.org/count-possible-decodings-given-digit-sequence/", 
        "Count all possible paths from top left to bottom right of a mXn matrix": "http://www.geeksforgeeks.org/count-possible-paths-top-left-bottom-right-nxm-matrix/", 
        "Count all possible walks from a source to a destination with exactly k edges": "http://www.geeksforgeeks.org/count-possible-paths-source-destination-exactly-k-edges/", 
        "Count even length binary sequences with same sum of first and second half bits": "http://www.geeksforgeeks.org/count-even-length-binary-sequences-with-same-sum-of-first-and-second-half-bits/", 
        "Count number of binary strings without consecutive 1?s": "http://www.geeksforgeeks.org/count-number-binary-strings-without-consecutive-1s/", 
        "Count number of ways to cover a distance": "http://www.geeksforgeeks.org/count-number-of-ways-to-cover-a-distance/", 
        "Count number of ways to reach a given score in a game": "http://www.geeksforgeeks.org/count-number-ways-reach-given-score-game/", 
        "Count of n digit numbers whose sum of digits equals to given sum": "http://www.geeksforgeeks.org/count-of-n-digit-numbers-whose-sum-of-digits-equals-to-given-sum/", 
        "Count possible ways to construct buildings": "http://www.geeksforgeeks.org/count-possible-ways-to-construct-buildings/", 
        "Count total number of N digit numbers such that the difference between  sum of even and odd digits is 1": "http://www.geeksforgeeks.org/count-total-number-of-n-digit-numbers-such-that-the-difference-between-the-sum-of-even-digits-and-odd-digits-is-1/", 
        "Count ways to reach the n'th stair": "http://www.geeksforgeeks.org/count-ways-reach-nth-stair/", 
        "Find length of the longest consecutive path from a given starting character": "http://www.geeksforgeeks.org/find-length-of-the-longest-consecutive-path-in-a-character-matrix/", 
        "Find minimum number of coins that make a given value": "http://www.geeksforgeeks.org/find-minimum-number-of-coins-that-make-a-change/", 
        "Find minimum possible size of array with given rules for removing elements": "http://www.geeksforgeeks.org/find-minimum-possible-size-of-array-with-given-rules-for-removal/", 
        "Find number of solutions of a linear equation of n variables": "http://www.geeksforgeeks.org/find-number-of-solutions-of-a-linear-equation-of-n-variables/", 
        "Find the longest path in a matrix with given constraints": "http://www.geeksforgeeks.org/find-the-longest-path-in-a-matrix-with-given-constraints/", 
        "Find the minimum cost to reach destination using a train": "http://www.geeksforgeeks.org/find-the-minimum-cost-to-reach-a-destination-where-every-station-is-connected-in-one-direction/", 
        "How to print maximum number of  A's using given four keys": "http://www.geeksforgeeks.org/how-to-print-maximum-number-of-a-using-given-four-keys/", 
        "Largest Sum Contiguous Subarray": "http://www.geeksforgeeks.org/largest-sum-contiguous-subarray/", 
        "Length of the longest substring without repeating characters": "http://www.geeksforgeeks.org/length-of-the-longest-substring-without-repeating-characters/", 
        "Longest Even Length Substring such that Sum of First and Second Half is same": "http://www.geeksforgeeks.org/longest-even-length-substring-sum-first-second-half/", 
        "Longest Palindromic Substring | Set 1": "http://www.geeksforgeeks.org/longest-palindrome-substring-set-1/", 
        "Longest Repeating Subsequence": "http://www.geeksforgeeks.org/longest-repeating-subsequence/", 
        "Maximum profit by buying and selling a share at most twice": "http://www.geeksforgeeks.org/maximum-profit-by-buying-and-selling-a-share-at-most-twice/", 
        "Maximum size square sub-matrix with all 1s": "http://www.geeksforgeeks.org/maximum-size-sub-matrix-with-all-1s-in-a-binary-matrix/", 
        "Maximum weight transformation of a given string": "http://www.geeksforgeeks.org/maximum-weight-transformation-of-a-given-string/", 
        "Minimum Cost Polygon Triangulation": "http://www.geeksforgeeks.org/minimum-cost-polygon-triangulation/", 
        "Minimum Initial Points to Reach Destination": "http://www.geeksforgeeks.org/minimum-positive-points-to-reach-destination/", 
        "Minimum number of jumps to reach end": "http://www.geeksforgeeks.org/minimum-number-of-jumps-to-reach-end-of-a-given-array/", 
        "Minimum number of squares whose sum equals to given number n": "http://www.geeksforgeeks.org/minimum-number-of-squares-whose-sum-equals-to-given-number-n/", 
        "Mobile Numeric Keypad Problem": "http://www.geeksforgeeks.org/mobile-numeric-keypad-problem/", 
        "Number of paths with exactly k coins": "http://www.geeksforgeeks.org/number-of-paths-with-exactly-k-coins/", 
        "Program for Fibonacci numbers": "http://www.geeksforgeeks.org/program-for-nth-fibonacci-number/", 
        "Program for nth Catalan Number": "http://www.geeksforgeeks.org/program-nth-catalan-number/", 
        "Remove minimum elements from either side such that 2*min  becomes more than max": "http://www.geeksforgeeks.org/remove-minimum-elements-either-side-2min-max/", 
        "Shortest Common Supersequence": "http://www.geeksforgeeks.org/shortest-common-supersequence/", 
        "Shortest path with exactly k edges in a directed and weighted graph": "http://www.geeksforgeeks.org/shortest-path-exactly-k-edges-directed-weighted-graph/", 
        "Tiling Problem": "http://www.geeksforgeeks.org/tiling-problem/", 
        "Total number of non-decreasing numbers with n digits": "http://www.geeksforgeeks.org/total-number-of-non-decreasing-numbers-with-n-digits/", 
        "Travelling Salesman Problem | Set 1 (Naive and Dynamic Programming)": "http://www.geeksforgeeks.org/travelling-salesman-problem-set-1/", 
        "Ugly Numbers": "http://www.geeksforgeeks.org/ugly-numbers/", 
        "Vertex Cover Problem | Set 2  (Dynamic Programming Solution for Tree)": "http://www.geeksforgeeks.org/vertex-cover-problem-set-2-dynamic-programming-solution-tree/", 
        "Weighted Job Scheduling": "http://www.geeksforgeeks.org/weighted-job-scheduling/"
    }, 
    "Strings and Pattern Searching": {
        "Naive Pattern Searching": "http://www.geeksforgeeks.org/searching-for-patterns-set-1-naive-pattern-searching/", 
        "KMP Algorithm": "http://www.geeksforgeeks.org/searching-for-patterns-set-2-kmp-algorithm/", 
        "Rabin-Karp Algorithm": "http://www.geeksforgeeks.org/searching-for-patterns-set-3-rabin-karp-algorithm/", 
        "A Naive Pattern Searching Question": "http://www.geeksforgeeks.org/pattern-searching-set-4-a-naive-string-matching-algo-question/", 
        "Finite Automata": "http://www.geeksforgeeks.org/searching-for-patterns-set-5-finite-automata/", 
        "Efficient Construction of Finite Automata": "http://www.geeksforgeeks.org/pattern-searching-set-5-efficient-constructtion-of-finite-automata/", 
        "Boyer Moore Algorithm - Bad Character Heuristic": "http://www.geeksforgeeks.org/pattern-searching-set-7-boyer-moore-algorithm-bad-character-heuristic/", 
        "Suffix Array": "http://www.geeksforgeeks.org/suffix-array-set-1-introduction/", 
        "Anagram Substring Search (Or Search for all permutations)": "http://www.geeksforgeeks.org/anagram-substring-search-search-permutations/", 
        "Pattern Searching using a Trie of all Suffixes": "http://www.geeksforgeeks.org/pattern-searching-using-trie-suffixes/",
        "Longest Even Length Substring such that Sum of First and Second Half is same": "http://www.geeksforgeeks.org/longest-even-length-substring-sum-first-second-half/", 
        "Print all possible strings that can be made by placing spaces": "http://www.geeksforgeeks.org/print-possible-strings-can-made-placing-spaces/",
        "Manachers Algorithm - Linear Time Longest Palindromic Substring - Part 1": "http://www.geeksforgeeks.org/manachers-algorithm-linear-time-longest-palindromic-substring-part-1/", 
        "Manachers Algorithm - Linear Time Longest Palindromic Substring - Part 2": "http://www.geeksforgeeks.org/manachers-algorithm-linear-time-longest-palindromic-substring-part-2/", 
        "Manachers Algorithm - Linear Time Longest Palindromic Substring - Part 3": "http://www.geeksforgeeks.org/manachers-algorithm-linear-time-longest-palindromic-substring-part-3-2/", 
        "Manachers Algorithm - Linear Time Longest Palindromic Substring - Part 4": "http://www.geeksforgeeks.org/manachers-algorithm-linear-time-longest-palindromic-substring-part-4/"
    }, 
    "Backtracking": {
        "Print all permutations of a given string": "http://www.geeksforgeeks.org/write-a-c-program-to-print-all-permutations-of-a-given-string/", 
        "The Knight's tour problem": "http://www.geeksforgeeks.org/backtracking-set-1-the-knights-tour-problem/", 
        "N Queen Problem": "http://www.geeksforgeeks.org/backtracking-set-3-n-queen-problem/", 
        "Sudoku": "http://www.geeksforgeeks.org/backtracking-set-7-suduku/", 
        "Subset Sum": "http://www.geeksforgeeks.org/backttracking-set-4-subset-sum/", 
        "m Coloring Problem": "http://www.geeksforgeeks.org/backttracking-set-5-m-coloring-problem/", 
        "Hamiltonian Cycle": "http://www.geeksforgeeks.org/backtracking-set-7-hamiltonian-cycle/", 
        "Rat in a Maze": "http://www.geeksforgeeks.org/backttracking-set-2-rat-in-a-maze/", 
        "Tug of War": "http://www.geeksforgeeks.org/tug-of-war/", 
        "Solving Cryptarithmetic Puzzles": "http://www.geeksforgeeks.org/backtracking-set-8-solving-cryptarithmetic-puzzles/"
    }, 
    "Divide and Conquer": {
        "Introduction": "http://www.geeksforgeeks.org/divide-and-conquer-set-1-find-closest-pair-of-points/", 
        "Write your own pow(x, n) to calculate x*n": "http://www.geeksforgeeks.org/write-a-c-program-to-calculate-powxn/", 
        "Median of two sorted arrays": "http://www.geeksforgeeks.org/median-of-two-sorted-arrays/", 
        "Count Inversions": "http://www.geeksforgeeks.org/counting-inversions/", 
        "Closest Pair of Points": "http://www.geeksforgeeks.org/closest-pair-of-points/", 
        "Strassen's Matrix Multiplication": "http://www.geeksforgeeks.org/strassens-matrix-multiplication/"
    }, 
    "Geometric Algorithms": {
        "Closest Pair of Points |  O(nlogn) Implementation": "http://www.geeksforgeeks.org/closest-pair-of-points-onlogn-implementation/", 
        "Find if two rectangles overlap": "http://www.geeksforgeeks.org/find-two-rectangles-overlap/", 
        "Check whether a given point lies inside a triangle or not": "http://www.geeksforgeeks.org/check-whether-a-given-point-lies-inside-a-triangle-or-not/",
        "How to check if a given point lies inside or outside a polygon?": "http://www.geeksforgeeks.org/how-to-check-if-a-given-point-lies-inside-a-polygon/", 
        "How to check if two given line segments intersect?": "http://www.geeksforgeeks.org/check-if-two-given-line-segments-intersect/",
        "Given n line segments, find if any two segments intersect": "http://www.geeksforgeeks.org/given-a-set-of-line-segments-find-if-any-two-segments-intersect/", 
        "Minimum Cost Polygon Triangulation": "http://www.geeksforgeeks.org/minimum-cost-polygon-triangulation/", 
        "Convex Hull | Set 1 (Jarvis's Algorithm or Wrapping)": "http://www.geeksforgeeks.org/convex-hull-set-1-jarviss-algorithm-or-wrapping/", 
        "Convex Hull | Set 2 (Graham Scan)": "http://www.geeksforgeeks.org/convex-hull-set-2-graham-scan/"
    }, 
    "Mathematical Algorithms": {
        "Write an Efficient Method to Check if a Number is Multiple of 3": "http://www.geeksforgeeks.org/write-an-efficient-method-to-check-if-a-number-is-multiple-of-3/", 
        "Efficient way to multiply with 7": "http://www.geeksforgeeks.org/efficient-way-to-multiply-with-7/", 
        "Write a C program to print all permutations of a given string": "http://www.geeksforgeeks.org/write-a-c-program-to-print-all-permutations-of-a-given-string/", 
        "Lucky Numbers": "http://www.geeksforgeeks.org/lucky-numbers/", 
        "Write a program to add two numbers in base 14": "http://www.geeksforgeeks.org/write-a-program-to-add-two-numbers-in-base-14/", 
        "Babylonian method for square root": "http://www.geeksforgeeks.org/square-root-of-a-perfect-square/", 
        "Multiply two integers without using multiplication, division and bitwise operators, and no loops": "http://www.geeksforgeeks.org/multiply-two-numbers-without-using-multiply-division-bitwise-operators-and-no-loops/", 
        "Print all combinations of points that can compose a given number": "http://www.geeksforgeeks.org/print-all-combinations-of-points-that-can-compose-a-given-number/", 
        "Write you own Power without using multiplication(*) and division(/) operators": "http://www.geeksforgeeks.org/write-you-own-power-without-using-multiplication-and-division/", 
        "Program for Fibonacci numbers": "http://www.geeksforgeeks.org/program-for-nth-fibonacci-number/", 
        "Average of a stream of numbers": "http://www.geeksforgeeks.org/average-of-a-stream-of-numbers/", 
        "Count numbers that don't contain 3": "http://www.geeksforgeeks.org/count-numbers-that-dont-contain-3/", 
        "MagicSquare": "http://www.geeksforgeeks.org/magic-square/", 
        "Sieve of Eratosthenes": "http://www.geeksforgeeks.org/sieve-of-eratosthenes/", 
        "Find day of the week for a given date": "http://www.geeksforgeeks.org/find-day-of-the-week-for-a-given-date/", 
        "DFA based division": "http://www.geeksforgeeks.org/dfa-based-division/", 
        "Generate integer from 1 to 7 with equal probability": "http://www.geeksforgeeks.org/generate-integer-from-1-to-7-with-equal-probability/", 
        "Given a number, find the next smallest palindrome": "http://www.geeksforgeeks.org/given-a-number-find-next-smallest-palindrome-larger-than-this-number/", 
        "Make a fair coin from a biased coin": "http://www.geeksforgeeks.org/print-0-and-1-with-50-probability/", 
        "Check divisibility by 7": "http://www.geeksforgeeks.org/divisibility-by-7/", 
        "Find the largest multiple of 3": "http://www.geeksforgeeks.org/find-the-largest-number-multiple-of-3/", 
        "Lexicographic rank of a string": "http://www.geeksforgeeks.org/lexicographic-rank-of-a-string/", 
        "Print all permutations in sorted (lexicographic) order": "http://www.geeksforgeeks.org/lexicographic-permutations-of-string/", 
        "Shuffle a given array": "http://www.geeksforgeeks.org/shuffle-a-given-array/", 
        "Space and time efficient Binomial Coefficient": "http://www.geeksforgeeks.org/space-and-time-efficient-binomial-coefficient/", 
        "Reservoir Sampling": "http://www.geeksforgeeks.org/reservoir-sampling/", 
        "Pascal's Triangle": "http://www.geeksforgeeks.org/pascal-triangle/", 
        "Select a random number from stream, with O(1) space": "http://www.geeksforgeeks.org/select-a-random-number-from-stream-with-o1-space/", 
        "Find the largest multiple of 2, 3 and 5": "http://www.geeksforgeeks.org/find-the-largest-multiple-of-2-3-and-5/", 
        "Efficient program to calculate e^x": "http://www.geeksforgeeks.org/program-to-efficiently-calculate-ex/", 
        "Measure one litre using two vessels and infinite water supply": "http://www.geeksforgeeks.org/measure-1-litre-from-two-vessels-infinite-water-supply/", 
        "Efficient program to print all prime factors of a given number": "http://www.geeksforgeeks.org/print-all-prime-factors-of-a-given-number/", 
        "Print all possible combinations of r elements in a given array of size n": "http://www.geeksforgeeks.org/print-all-possible-combinations-of-r-elements-in-a-given-array-of-size-n/", 
        "Random number generator in arbitrary probability distribution fashion": "http://www.geeksforgeeks.org/random-number-generator-in-arbitrary-probability-distribution-fashion/", 
        "How to check if a given number is Fibonacci number?": "http://www.geeksforgeeks.org/check-number-fibonacci-number/", 
        "Russian Peasant Multiplication": "http://www.geeksforgeeks.org/fast-multiplication-method-without-using-multiplication-operator-russian-peasants-algorithm/", 
        "Count all possible groups of size 2 or 3 that have sum as multiple of 3": "http://www.geeksforgeeks.org/count-possible-groups-size-2-3-sum-multiple-3/", 
        "Horner's Method for Polynomial Evaluation": "http://www.geeksforgeeks.org/horners-method-polynomial-evaluation/", 
        "Count trailing zeroes in factorial of a number": "http://www.geeksforgeeks.org/count-trailing-zeroes-factorial-number/", 
        "Program for nth Catalan Number": "http://www.geeksforgeeks.org/program-nth-catalan-number/", 
        "Generate one of 3 numbers according to given probabilities": "http://www.geeksforgeeks.org/write-a-function-to-generate-3-numbers-according-to-given-probabilities/", 
        "Find Excel column name from a given column number": "http://www.geeksforgeeks.org/find-excel-column-name-given-number/", 
        "Find next greater number with same set of digits": "http://www.geeksforgeeks.org/find-next-greater-number-set-digits/", 
        "Count Possible Decodings of a given Digit Sequence": "http://www.geeksforgeeks.org/count-possible-decodings-given-digit-sequence/", 
        "Calculate the angle between hour hand and minute hand": "http://www.geeksforgeeks.org/calculate-angle-hour-hand-minute-hand/", 
        "Count number of binary strings without consecutive 1?s": "http://www.geeksforgeeks.org/count-number-binary-strings-without-consecutive-1s/", 
        "Find the smallest number whose digits multiply to a given number n": "http://www.geeksforgeeks.org/find-smallest-number-whose-digits-multiply-given-number-n/", 
        "How to check if an instance of 8 puzzle is solvable?": "http://www.geeksforgeeks.org/check-instance-8-puzzle-solvable/", 
        "Birthday Paradox": "http://www.geeksforgeeks.org/birthday-paradox/", 
        "Multiply two polynomials": "http://www.geeksforgeeks.org/multiply-two-polynomials-2/", 
        "Count Distinct Non-Negative Integer Pairs (x, y) that Satisfy the Inequality x*x + y*y < n": "http://www.geeksforgeeks.org/count-distinct-non-negative-pairs-x-y-satisfy-inequality-xx-yy-n-2/", 
        "Count ways to reach the n'th stair": "http://www.geeksforgeeks.org/count-ways-reach-nth-stair/"
    }, 
    "Bit Algorithms": {
        "Find the element that appears once": "http://www.geeksforgeeks.org/find-the-element-that-appears-once/", 
        "Detect opposite signs": "http://www.geeksforgeeks.org/detect-if-two-integers-have-opposite-signs/", 
        "Set bits in all numbers from 1 to n": "http://www.geeksforgeeks.org/count-total-set-bits-in-all-numbers-from-1-to-n/", 
        "Swap bits": "http://www.geeksforgeeks.org/swap-bits-in-a-given-number/", 
        "Add two numbers": "http://www.geeksforgeeks.org/add-two-numbers-without-using-arithmetic-operators/", 
        "Smallest of three": "http://www.geeksforgeeks.org/smallest-of-three-integers-without-comparison-operators/", 
        "A Boolean Array Puzzle": "http://www.geeksforgeeks.org/a-boolean-array-puzzle/", 
        "Set bits in an (big) array": "http://www.geeksforgeeks.org/program-to-count-number-of-set-bits-in-an-big-array/", 
        "Next higher number with same number of set bits": "http://www.geeksforgeeks.org/next-higher-number-with-same-number-of-set-bits/", 
        "Optimization Technique (Modulus)": "http://www.geeksforgeeks.org/optimization-techniques-set-1-modulus/", 
        "Add 1 to a number": "http://www.geeksforgeeks.org/add-1-to-a-given-number/", 
        "Multiply with 3.5": "http://www.geeksforgeeks.org/multiply-an-integer-with-3-5/", 
        "Turn off the rightmost set bit": "http://www.geeksforgeeks.org/turn-off-the-rightmost-set-bit/", 
        "Check for Power of 4": "http://www.geeksforgeeks.org/find-whether-a-given-number-is-a-power-of-4-or-not/", 
        "Absolute value (abs) without branching": "http://www.geeksforgeeks.org/compute-the-integer-absolute-value-abs-without-branching/", 
        "Modulus division by a power-of-2-number": "http://www.geeksforgeeks.org/compute-modulus-division-by-a-power-of-2-number/", 
        "Minimum or Maximum of two integers": "http://www.geeksforgeeks.org/compute-the-minimum-or-maximum-max-of-two-integers-without-branching/", 
        "Rotate bits": "http://www.geeksforgeeks.org/rotate-bits-of-an-integer/", 
        "Find the two non-repeating elements in an array": "http://www.geeksforgeeks.org/find-two-non-repeating-elements-in-an-array-of-repeating-elements/", 
        "Number Occurring Odd Number of Times": "http://www.geeksforgeeks.org/find-the-number-occurring-odd-number-of-times/", 
        "Check for Integer Overflow": "http://www.geeksforgeeks.org/check-for-integer-overflow/", 
        "Little and Big Endian": "http://www.geeksforgeeks.org/little-and-big-endian-mystery/", 
        "Reverse Bits of a Number": "http://www.geeksforgeeks.org/write-an-efficient-c-program-to-reverse-bits-of-a-number/", 
        "Count set bits in an integer": "http://www.geeksforgeeks.org/count-set-bits-in-an-integer/", 
        "Number of bits to be flipped to convert A to B": "http://www.geeksforgeeks.org/count-number-of-bits-to-be-flipped-to-convert-a-to-b/", 
        "Next Power of 2": "http://www.geeksforgeeks.org/next-power-of-2/", 
        "Check if a Number is Multiple of 3": "http://www.geeksforgeeks.org/write-an-efficient-method-to-check-if-a-number-is-multiple-of-3/", 
        "Find parity": "http://www.geeksforgeeks.org/write-a-c-program-to-find-the-parity-of-an-unsigned-integer/", 
        "Multiply with 7": "http://www.geeksforgeeks.org/efficient-way-to-multiply-with-7/", 
        "Find whether a no is power of two": "http://www.geeksforgeeks.org/write-one-line-c-function-to-find-whether-a-no-is-power-of-two/", 
        "Position of rightmost set bit": "http://www.geeksforgeeks.org/position-of-rightmost-set-bit/", 
        "Binary representation of a given number": "http://www.geeksforgeeks.org/binary-representation-of-a-given-number/", 
        "Swap all odd and even bits": "http://www.geeksforgeeks.org/swap-all-odd-and-even-bits/", 
        "Find position of the only set bit": "http://www.geeksforgeeks.org/find-position-of-the-only-set-bit/", 
        "Karatsuba algorithm for fast multiplication": "http://www.geeksforgeeks.org/divide-and-conquer-set-2-karatsuba-algorithm-for-fast-multiplication/", 
        "How to swap two numbers without using a temporary variable?": "http://www.geeksforgeeks.org/swap-two-numbers-without-using-temporary-variable/", 
        "Check if a number is multiple of 9 using bitwise operators": "http://www.geeksforgeeks.org/divisibility-9-using-bitwise-operators/", 
        "Swap two nibbles in a byte": "http://www.geeksforgeeks.org/swap-two-nibbles-byte/", 
        "How to turn off a particular bit in a number?": "http://www.geeksforgeeks.org/how-to-turn-off-a-particular-bit-in-a-number/", 
        "Check if binary representation of a number is palindrome": "http://www.geeksforgeeks.org/check-binary-representation-number-palindrome/"
    }, 
    "Randomized Algorithms": {
        "Shuffle a given array": "http://www.geeksforgeeks.org/shuffle-a-given-array/", 
        "Select a Random Node from a Singly Linked List": "http://www.geeksforgeeks.org/select-a-random-node-from-a-singly-linked-list/",
        "Linearity of Expectation": "http://www.geeksforgeeks.org/linearity-of-expectation/", 
        "Expected Number of Trials until Success": "http://www.geeksforgeeks.org/expected-number-of-trials-before-success/", 
        "Reservoir Sampling": "http://www.geeksforgeeks.org/reservoir-sampling/", 
        "K'th Smallest/Largest Element in Unsorted Array | Set 2 (Expected Linear Time)": "http://www.geeksforgeeks.org/kth-smallestlargest-element-unsorted-array-set-2-expected-linear-time/", 
        "Karger's algorithm for Minimum Cut": "http://www.geeksforgeeks.org/kargers-algorithm-for-minimum-cut-set-1-introduction-and-implementation/"
    }, 
    "Misc Algorithms": {
        "Check a given sentence for a given set of simple grammer rules": "http://www.geeksforgeeks.org/check-given-sentence-given-set-simple-grammer-rules/", 
        "Connect n ropes with minimum cost": "http://www.geeksforgeeks.org/connect-n-ropes-minimum-cost/",
        "Find Index of 0 to be replaced with 1 to get longest continuous sequence of 1s in a binary array": "http://www.geeksforgeeks.org/find-index-0-replaced-1-get-longest-continuous-sequence-1s-binary-array/", 
        "Given n appointments, find all conflicting appointments": "http://www.geeksforgeeks.org/given-n-appointments-find-conflicting-appointments/", 
        "Given two strings, find if first string is a subsequence of second": "http://www.geeksforgeeks.org/given-two-strings-find-first-string-subsequence-second/", 
        "How to check if two given sets are disjoint?": "http://www.geeksforgeeks.org/check-two-given-sets-disjoint/", 
        "Length of the largest subarray with contiguous elements | Set 1": "http://www.geeksforgeeks.org/length-largest-subarray-contiguous-elements-set-1/", 
        "Length of the largest subarray with contiguous elements | Set 2": "http://www.geeksforgeeks.org/length-largest-subarray-contiguous-elements-set-2/", 
        "Minimum Number of Platforms Required for a Railway/Bus Station": "http://www.geeksforgeeks.org/minimum-number-platforms-required-railwaybus-station/", 
        "Print all increasing sequences of length k from first n natural numbers": "http://www.geeksforgeeks.org/print-increasing-sequences-length-k-first-n-natural-numbers/", 
        "Snake and Ladder Problem": "http://www.geeksforgeeks.org/snake-ladder-problem-2/", 
        "Nuts & Bolts Problem (Lock & Key problem)": "http://www.geeksforgeeks.org/nuts-bolts-problem-lock-key-problem/", 
        "Given a matrix of 'O' and 'X', find the largest subsquare surrounded by 'X'": "http://www.geeksforgeeks.org/given-matrix-o-x-find-largest-subsquare-surrounded-x/", 
        "Flood fill Algorithm - how to implement fill() in paint?": "http://www.geeksforgeeks.org/flood-fill-algorithm-implement-fill-paint/"
    },
    "Recursion": {
        "Recursive Functions": "http://www.geeksforgeeks.org/recursive-functions/", 
        "Tail Recursion": "http://www.geeksforgeeks.org/tail-recursion/", 
        "Check if a number is Palindrome": "http://www.geeksforgeeks.org/check-if-a-number-is-palindrome/", 
        "Reverse a stack using recursion": "http://www.geeksforgeeks.org/reverse-a-stack-using-recursion/",
        "Sort a stack using recursion": "http://www.geeksforgeeks.org/sort-a-stack-using-recursion/", 
        "Print a pattern without using any loop": "http://www.geeksforgeeks.org/print-a-pattern-without-using-any-loop/", 
        "Minimum steps to reach a destination": "http://www.geeksforgeeks.org/minimum-steps-to-reach-a-destination/", 
        "Given a string, print all possible palindromic partitions": "http://www.geeksforgeeks.org/given-a-string-print-all-possible-palindromic-partition/", 
        "Generate all possible sorted arrays from alternate elements of two given sorted arrays": "http://www.geeksforgeeks.org/generate-all-possible-sorted-arrays-from-alternate-elements-of-two-given-arrays/", 
        "Print all non-increasing sequences of sum equal to a given number x": "http://www.geeksforgeeks.org/print-all-non-increasing-sequences-of-sum-equal-to-a-given-number/", 
        "Print all increasing sequences of length k from first n natural numbers": "http://www.geeksforgeeks.org/print-increasing-sequences-length-k-first-n-natural-numbers/", 
        "Print all possible strings of length k that can be formed from a set of n characters": "http://www.geeksforgeeks.org/print-all-combinations-of-given-length/", 
        "Print all possible combinations of r elements in a given array of size n": "http://www.geeksforgeeks.org/print-all-possible-combinations-of-r-elements-in-a-given-array-of-size-n/", 
        "Practice questions for Linked List and Recursion": "http://www.geeksforgeeks.org/practice-questions-for-linked-list-and-recursion/",
        "Practice Questions for Recursion | Set 1": "http://www.geeksforgeeks.org/practice-questions-for-recursion/", 
        "Practice Questions for Recursion | Set 2": "http://www.geeksforgeeks.org/practice-questions-for-recursion-set-2/", 
        "Practice Questions for Recursion | Set 3": "http://www.geeksforgeeks.org/practice-questions-for-recursion-set-3/", 
        "Practice Questions for Recursion | Set 4": "http://www.geeksforgeeks.org/practice-questions-for-recursion-set-4/", 
        "Practice Questions for Recursion | Set 5": "http://www.geeksforgeeks.org/practice-questions-for-recursion-set-5/", 
        "Practice Questions for Recursion | Set 6": "http://www.geeksforgeeks.org/practice-questions-for-recursion-set-6/", 
        "Practice Questions for Recursion | Set 7": "http://www.geeksforgeeks.org/practice-questions-for-recursion-set-7/"
    }
}