{
    "Introduction": "https://www.geeksforgeeks.org/backtracking-introduction/",
    "The Knight's tour problem": "https://www.geeksforgeeks.org/the-knights-tour-problem-backtracking-1/",
    "Warnsdorff's algorithm for Knight's tour problem": "https://www.geeksforgeeks.org/warnsdorffs-algorithm-knights-tour-problem/",
    "Rat in a Maze": "https://www.geeksforgeeks.org/rat-in-a-maze-backtracking-2/",
    "N Queen Problem": "https://www.geeksforgeeks.org/n-queen-problem-backtracking-3/",
    "N Queen in O(n) space": "https://www.geeksforgeeks.org/n-queen-in-on-space/",
    "Printing all solutions in N-Queen Problem": "https://www.geeksforgeeks.org/printing-solutions-n-queen-problem/",
    "8 queen problem": "https://www.geeksforgeeks.org/8-queen-problem/",
    "Subset Sum": "https://www.geeksforgeeks.org/subset-sum-backtracking-4/",
    "m Coloring Problem": "https://www.geeksforgeeks.org/m-coloring-problem-backtracking-5/",
    "Hamiltonian Cycle": "https://www.geeksforgeeks.org/hamiltonian-cycle-backtracking-6/",
    "Sudoku": "https://www.geeksforgeeks.org/sudoku-backtracking-7/",
    "Solving Cryptarithmetic Puzzles": "https://www.geeksforgeeks.org/solving-cryptarithmetic-puzzles-backtracking-8/",
    "Magnet Puzzle": "https://www.geeksforgeeks.org/magnet-puzzle-backtracking-9/",
    "Boggle | Set 1 (Using DFS)": "https://www.geeksforgeeks.org/boggle-find-possible-words-board-characters/",
    "Boggle | Set 2 (Using Trie)": "https://www.geeksforgeeks.org/boggle-set-2-using-trie/",
    "Tug of War": "https://www.geeksforgeeks.org/tug-of-war/",
    "Backtracking to find all subsets": "https://www.geeksforgeeks.org/backtracking-to-find-all-subsets/",
    "Print the DFS traversal step-wise (Backtracking also)": "https://www.geeksforgeeks.org/print-the-dfs-traversal-step-wise-backtracking-also/",
    "C++ program for Solving Cryptarithmetic Puzzles": "https://www.geeksforgeeks.org/c-code-article-backtracking-set-8-solving-cryptarithmetic-puzzles/",
    "A backtracking approach to generate n bit Gray Codes": "https://www.geeksforgeeks.org/backtracking-approach-generate-n-bit-gray-codes/",
    "Minimum queens required to cover all the squares of a chess board": "https://www.geeksforgeeks.org/minimum-queens-required-to-cover-all-the-squares-of-a-chess-board/",
    "Print all the combinations of a string in lexicographical order": "https://www.geeksforgeeks.org/print-all-the-combinations-of-a-string-in-lexicographical-order/",
    "Recursive program to generate power set": "https://www.geeksforgeeks.org/recursive-program-to-generate-power-set/",
    "Smallest number with given sum of digits and sum of square of digits": "https://www.geeksforgeeks.org/smallest-number-with-given-sum-of-digits-and-sum-of-square-of-digits/",
    "Minimize number of unique characters in string": "https://www.geeksforgeeks.org/minimize-number-unique-characters-string/",
    "Rat in a Maze with multiple steps or  jump allowed": "https://www.geeksforgeeks.org/rat-in-a-maze-with-multiple-steps-jump-allowed/",
    "Fill 8 numbers in grid with given conditions": "https://www.geeksforgeeks.org/fill-grid-1-8-numbers/",
    "Power Set in Lexicographic order": "https://www.geeksforgeeks.org/powet-set-lexicographic-order/",
    "Prime numbers after prime P with sum S": "https://www.geeksforgeeks.org/prime-numbers-after-prime-p-with-sum-s/",
    "Smallest expression to represent a number using single digit": "https://www.geeksforgeeks.org/smallest-expression-represent-number-using-single-digit/",
    "Count all possible paths between two vertices": "https://www.geeksforgeeks.org/count-possible-paths-two-vertices/",
    "Check if a given string is sum-string": "https://www.geeksforgeeks.org/check-given-string-sum-string/",
    "Print all possible strings that can be made by placing spaces": "https://www.geeksforgeeks.org/print-possible-strings-can-made-placing-spaces/",
    "Combinational Sum": "https://www.geeksforgeeks.org/combinational-sum/",
    "Combinations where every element appears twice and distance between appearances is equal to the value": "https://www.geeksforgeeks.org/combinations-every-element-appears-twice-distance-appearances-equal-value/",
    "Print all palindromic partitions of a string": "https://www.geeksforgeeks.org/print-palindromic-partitions-string/",
    "Word Break Problem using Backtracking": "https://www.geeksforgeeks.org/word-break-problem-using-backtracking/",
    "Partition of a set into K subsets with equal sum": "https://www.geeksforgeeks.org/partition-set-k-subsets-equal-sum/",
    "Print all longest common sub-sequences in lexicographical order": "https://www.geeksforgeeks.org/print-longest-common-sub-sequences-lexicographical-order/",
    "Remove Invalid Parentheses": "https://www.geeksforgeeks.org/remove-invalid-parentheses/",
    "Find all distinct subsets of a given set": "https://www.geeksforgeeks.org/find-distinct-subsets-given-set/",
    "Find shortest safe route in a path with landmines": "https://www.geeksforgeeks.org/find-shortest-safe-route-in-a-path-with-landmines/",
    "Longest Possible Route in a Matrix with Hurdles": "https://www.geeksforgeeks.org/longest-possible-route-in-a-matrix-with-hurdles/",
    "Match a pattern and String without using regular expressions": "https://www.geeksforgeeks.org/match-a-pattern-and-string-without-using-regular-expressions/",
    "Find Maximum number possible by doing at-most K swaps": "https://www.geeksforgeeks.org/find-maximum-number-possible-by-doing-at-most-k-swaps/",
    "Find paths from corner cell to middle cell in maze": "https://www.geeksforgeeks.org/find-paths-from-corner-cell-to-middle-cell-in-maze/",
    "Find if there is a path of more than k length from a source": "https://www.geeksforgeeks.org/find-if-there-is-a-path-of-more-than-k-length-from-a-source/",
    "Fill two instances of all numbers from 1 to n in a specific way": "https://www.geeksforgeeks.org/fill-two-instances-numbers-1-n-specific-way/",
    "Print all paths from a given source to a destination": "https://www.geeksforgeeks.org/find-paths-given-source-destination/",
    "Print all possible paths from top left to bottom right of a mXn matrix": "https://www.geeksforgeeks.org/print-all-possible-paths-from-top-left-to-bottom-right-of-a-mxn-matrix/",
    "Write a  program to print all permutations of a given string": "https://www.geeksforgeeks.org/write-a-c-program-to-print-all-permutations-of-a-given-string/",
    "Given an array A[] and a number x, check for pair in A[] with sum as x": "https://www.geeksforgeeks.org/given-an-array-a-and-a-number-x-check-for-pair-in-a-with-sum-as-x/"
}