{
    "DP-01 | Overlapping Subproblems Property in Dynamic Programming": "https://www.geeksforgeeks.org/overlapping-subproblems-property-in-dynamic-programming-dp-1/",
    "DP-02 | Optimal Substructure Property in Dynamic Programming": "https://www.geeksforgeeks.org/optimal-substructure-property-in-dynamic-programming-dp-2/",
    "DP-03 | Longest Increasing Subsequence": "https://www.geeksforgeeks.org/longest-increasing-subsequence-dp-3/",
    "DP-04 | Longest Common Subsequence": "https://www.geeksforgeeks.org/longest-common-subsequence-dp-4/",
    "DP-05 | Edit Distance": "https://www.geeksforgeeks.org/edit-distance-dp-5/",
    "DP-06 | Min Cost Path": "https://www.geeksforgeeks.org/min-cost-path-dp-6/",
    "DP-07 | Coin Change": "https://www.geeksforgeeks.org/coin-change-dp-7/",
    "DP-08 | Matrix Chain Multiplication": "https://www.geeksforgeeks.org/matrix-chain-multiplication-dp-8/",
    "DP-09 | Binomial Coefficient": "https://www.geeksforgeeks.org/binomial-coefficient-dp-9/",
    "DP-10 | 0-1 Knapsack Problem": "https://www.geeksforgeeks.org/0-1-knapsack-problem-dp-10/",
    "DP-11 | Egg Dropping Puzzle": "https://www.geeksforgeeks.org/egg-dropping-puzzle-dp-11/",
    "DP-12 | Longest Palindromic Subsequence": "https://www.geeksforgeeks.org/longest-palindromic-subsequence-dp-12/",
    "DP-13 | Cutting a Rod": "https://www.geeksforgeeks.org/cutting-a-rod-dp-13/",
    "DP-14 | Maximum Sum Increasing Subsequence": "https://www.geeksforgeeks.org/maximum-sum-increasing-subsequence-dp-14/",
    "DP-15 | Longest Bitonic Subsequence": "https://www.geeksforgeeks.org/longest-bitonic-subsequence-dp-15/",
    "DP-16 | Floyd Warshall Algorithm": "https://www.geeksforgeeks.org/floyd-warshall-algorithm-dp-16/",
    "DP-17 | Palindrome Partitioning": "https://www.geeksforgeeks.org/palindrome-partitioning-dp-17/",
    "DP-18 | Partition problem": "https://www.geeksforgeeks.org/partition-problem-dp-18/",
    "DP-19 | Word Wrap Problem": "https://www.geeksforgeeks.org/word-wrap-problem-dp-19/",
    "DP-20 | Maximum Length Chain of Pairs": "https://www.geeksforgeeks.org/maximum-length-chain-of-pairs-dp-20/",
    "DP-21 | Variations of LIS": "https://www.geeksforgeeks.org/variations-of-lis-dp-21/",
    "DP-22 | Box Stacking Problem": "https://www.geeksforgeeks.org/box-stacking-problem-dp-22/",
    "DP-23 | Bellman\u2013Ford Algorithm": "https://www.geeksforgeeks.org/bellman-ford-algorithm-dp-23/",
    "DP-24 | Optimal Binary Search Tree": "https://www.geeksforgeeks.org/optimal-binary-search-tree-dp-24/",
    "DP-25 | Subset Sum Problem": "https://www.geeksforgeeks.org/subset-sum-problem-dp-25/",
    "DP-26 | Largest Independent Set Problem": "https://www.geeksforgeeks.org/largest-independent-set-problem-dp-26/",
    "DP-27 | Maximum sum rectangle in a 2D matrix": "https://www.geeksforgeeks.org/maximum-sum-rectangle-in-a-2d-matrix-dp-27/",
    "DP-28 | Minimum insertions to form a palindrome": "https://www.geeksforgeeks.org/minimum-insertions-to-form-a-palindrome-dp-28/",
    "DP-29 | Longest Common Substring": "https://www.geeksforgeeks.org/longest-common-substring-dp-29/",
    "DP-30 | Dice Throw": "https://www.geeksforgeeks.org/dice-throw-dp-30/",
    "DP-31 | Optimal Strategy for a Game": "https://www.geeksforgeeks.org/optimal-strategy-for-a-game-dp-31/",
    "DP-32 | Word Break Problem": "https://www.geeksforgeeks.org/word-break-problem-dp-32/",
    "DP-33 | Find if a string is interleaved of two other strings": "https://www.geeksforgeeks.org/find-if-a-string-is-interleaved-of-two-other-strings-dp-33/",
    "DP-34 | Assembly Line Scheduling": "https://www.geeksforgeeks.org/assembly-line-scheduling-dp-34/",
    "DP-35 | Longest Arithmetic Progression": "https://www.geeksforgeeks.org/longest-arithmetic-progression-dp-35/",
    "DP-36 | Maximum Product Cutting": "https://www.geeksforgeeks.org/maximum-product-cutting-dp-36/",
    "DP-37 | Boolean Parenthesization Problem ": "https://www.geeksforgeeks.org/boolean-parenthesization-problem-dp-37/",

    "A Space Optimized DP solution for 0-1 Knapsack Problem": "https://www.geeksforgeeks.org/space-optimized-dp-solution-0-1-knapsack-problem/",
    "A Space Optimized Solution of LCS": "https://www.geeksforgeeks.org/space-optimized-solution-lcs/",
    "All ways to add parenthesis for evaluation": "https://www.geeksforgeeks.org/all-ways-to-add-parenthesis-for-evaluation/",
    "Alternate Fibonacci  Numbers": "https://www.geeksforgeeks.org/alternate-fibonacci-numbers/",
    "Balanced expressions such that given positions have opening brackets": "https://www.geeksforgeeks.org/balanced-expressions-such-that-given-positions-have-opening-brackets/",
    "Balanced expressions such that given positions have opening brackets | Set 2": "https://www.geeksforgeeks.org/balanced-expressions-such-that-given-positions-have-opening-brackets-set-2/",
    "Bell Numbers (Number of ways to Partition a Set)": "https://www.geeksforgeeks.org/bell-numbers-number-of-ways-to-partition-a-set/",
    "Bitmasking and Dynamic Programming  | Set 1 (Count ways to assign unique cap to every person)": "https://www.geeksforgeeks.org/bitmasking-and-dynamic-programming-set-1-count-ways-to-assign-unique-cap-to-every-person/",
    "Bitmasking and Dynamic Programming | Set-2 (TSP)": "https://www.geeksforgeeks.org/bitmasking-dynamic-programming-set-2-tsp/",
    "Check for possible path in 2D matrix": "https://www.geeksforgeeks.org/check-possible-path-2d-matrix/",
    "Check if all people can vote on two machines": "https://www.geeksforgeeks.org/check-people-can-vote-two-machines/",
    "Check if any valid sequence is divisible by M": "https://www.geeksforgeeks.org/check-valid-sequence-divisible-m/",
    "Check if array sum can be made K by three operations on it": "https://www.geeksforgeeks.org/check-if-array-sum-can-be-made-k-by-three-operations-on-it/",
    "Check if it is possible to transform one string to another": "https://www.geeksforgeeks.org/check-possible-transform-one-string-another/",
    "Check if possible to cross the matrix with given power": "https://www.geeksforgeeks.org/check-possible-cross-matrix-given-power/",
    "Check whether row or column swaps produce maximum size binary sub-matrix with all 1s": "https://www.geeksforgeeks.org/check-whether-row-column-swap-produces-maximum-size-binary-sub-matrix-1s/",
    "Choice of Area": "https://www.geeksforgeeks.org/game-theory-choice-area/",
    "Choose maximum weight with given weight and value ratio": "https://www.geeksforgeeks.org/choose-maximum-weight-given-weight-value-ratio/",
    "Clustering/Partitioning an array such that sum of square differences is minimum": "https://www.geeksforgeeks.org/clusteringpartitioning-an-array-such-that-sum-of-square-differences-is-minimum/",
    "Coin game winner where every player has three choices": "https://www.geeksforgeeks.org/coin-game-winner-every-player-three-choices/",
    "Collect maximum coins before hitting a dead end": "https://www.geeksforgeeks.org/collect-maximum-coins-before-hitting-a-dead-end/",
    "Collect maximum points in a grid using two traversals": "https://www.geeksforgeeks.org/collect-maximum-points-in-a-grid-using-two-traversals/",
    "Compute nCr % p  | Set 1 (Introduction and Dynamic Programming Solution)": "https://www.geeksforgeeks.org/compute-ncr-p-set-1-introduction-and-dynamic-programming-solution/",
    "Compute sum of digits in all numbers from 1 to n": "https://www.geeksforgeeks.org/count-sum-of-digits-in-numbers-from-1-to-n/",
    "Construction of Longest Increasing Subsequence using Dynamic Programming": "https://www.geeksforgeeks.org/construction-of-longest-increasing-subsequence-using-dynamic-programming/",
    "Convert to Strictly increasing array with minimum changes": "https://www.geeksforgeeks.org/convert-strictly-increasing-array-minimum-changes/",
    "Count  numbers from 1 to n that have 4 as a digit": "https://www.geeksforgeeks.org/count-numbers-from-1-to-n-that-have-4-as-a-a-digit/",
    "Count All Palindrome Sub-Strings in a String | Set 1": "https://www.geeksforgeeks.org/count-palindrome-sub-strings-string/",
    "Count All Palindromic Subsequence in a given String": "https://www.geeksforgeeks.org/count-palindromic-subsequence-given-string/",
    "Count Balanced Binary Trees of Height h": "https://www.geeksforgeeks.org/count-balanced-binary-trees-height-h/",
    "Count Derangements (Permutation such that no element appears in its original position)": "https://www.geeksforgeeks.org/count-derangements-permutation-such-that-no-element-appears-in-its-original-position/",
    "Count Distinct Subsequences": "https://www.geeksforgeeks.org/count-distinct-subsequences/",
    "Count Possible Decodings of a given Digit Sequence": "https://www.geeksforgeeks.org/count-possible-decodings-given-digit-sequence/",
    "Count all increasing subsequences": "https://www.geeksforgeeks.org/count-all-increasing-subsequences/",
    "Count all possible paths from top left to bottom right of a mXn matrix": "https://www.geeksforgeeks.org/count-possible-paths-top-left-bottom-right-nxm-matrix/",
    "Count all possible walks from a source to a destination with exactly k edges": "https://www.geeksforgeeks.org/count-possible-paths-source-destination-exactly-k-edges/",
    "Count all subsequences having product less than K": "https://www.geeksforgeeks.org/count-subsequences-product-less-k/",
    "Count all triplets whose sum is equal to a perfect cube": "https://www.geeksforgeeks.org/count-triplets-whose-sum-equal-perfect-cube/",
    "Count binary strings with k times appearing adjacent two set bits": "https://www.geeksforgeeks.org/count-binary-strings-k-times-appearing-adjacent-two-set-bits/",
    "Count digit groupings of a number with given constraints": "https://www.geeksforgeeks.org/count-groupings-number-sum-digits-every-sub-group-less-equals-immediate-right-sub-group/",
    "Count distinct occurrences as a subsequence": "https://www.geeksforgeeks.org/count-distinct-occurrences-as-a-subsequence/",
    "Count even length binary sequences with same sum of first and second half bits": "https://www.geeksforgeeks.org/count-even-length-binary-sequences-with-same-sum-of-first-and-second-half-bits/",
    "Count number of binary strings without consecutive 1’s": "https://www.geeksforgeeks.org/count-number-binary-strings-without-consecutive-1s/",
    "Count number of increasing subsequences of size k": "https://www.geeksforgeeks.org/count-number-increasing-subsequences-size-k/",
    "Count number of paths with at-most k turns": "https://www.geeksforgeeks.org/count-number-of-paths-with-k-turns/",
    "Count number of subsets having a particular XOR value": "https://www.geeksforgeeks.org/count-number-of-subsets-having-a-particular-xor-value/",
    "Count number of ways to cover a distance": "https://www.geeksforgeeks.org/count-number-of-ways-to-cover-a-distance/",
    "Count number of ways to fill a “n x 4” grid using “1 x 4” tiles": "https://www.geeksforgeeks.org/count-number-of-ways-to-fill-a-n-x-4-grid-using-1-x-4-tiles/",
    "Count number of ways to jump  to reach end": "https://www.geeksforgeeks.org/count-number-ways-jump-reach-end/",
    "Count number of ways to partition a set into k subsets": "https://www.geeksforgeeks.org/count-number-of-ways-to-partition-a-set-into-k-subsets/",
    "Count number of ways to reach a given score in a game": "https://www.geeksforgeeks.org/count-number-ways-reach-given-score-game/",
    "Count number of ways to reach destination in a Maze": "https://www.geeksforgeeks.org/count-number-ways-reach-destination-maze/",
    "Count of AP (Arithmetic Progression) Subsequences in an array": "https://www.geeksforgeeks.org/count-arithmetic-progression-subsequences-array/",
    "Count of Palindromic substrings in an Index range": "https://www.geeksforgeeks.org/count-of-palindromic-substrings-in-an-index-range/",
    "Count of arrays having consecutive element with different values": "https://www.geeksforgeeks.org/count-arrays-consecutive-element-different-values/",
    "Count of arrays in which all adjacent elements are such that one of them divide the another": "https://www.geeksforgeeks.org/count-arrays-adjacent-elements-one-divide-another/",
    "Count of different ways to express N as the sum of 1, 3 and 4": "https://www.geeksforgeeks.org/count-ofdifferent-ways-express-n-sum-1-3-4/",
    "Count of n digit numbers whose sum of digits equals to given sum": "https://www.geeksforgeeks.org/count-of-n-digit-numbers-whose-sum-of-digits-equals-to-given-sum/",
    "Count of possible hexagonal walks": "https://www.geeksforgeeks.org/count-possible-hexagonal-walks/",
    "Count of strings that can be formed using a, b and c under given constraints": "https://www.geeksforgeeks.org/count-strings-can-formed-using-b-c-given-constraints/",
    "Count of strings where adjacent characters are of difference one": "https://www.geeksforgeeks.org/count-strings-adjacent-characters-difference-one/",
    "Count of subarrays whose maximum element is greater than k": "https://www.geeksforgeeks.org/count-subarrays-whose-maximum-element-greater-k/",
    "Count possible ways to construct buildings": "https://www.geeksforgeeks.org/count-possible-ways-to-construct-buildings/",
    "Count the number of ways to tile the floor of size n x m using 1 x m size tiles": "https://www.geeksforgeeks.org/count-number-ways-tile-floor-size-n-x-m-using-1-x-m-size-tiles/",
    "Count total number of N digit numbers such that the difference between  sum of even and odd digits is 1": "https://www.geeksforgeeks.org/count-total-number-of-n-digit-numbers-such-that-the-difference-between-the-sum-of-even-digits-and-odd-digits-is-1/",
    "Count ways to build street under given constraints": "https://www.geeksforgeeks.org/count-ways-build-street-given-constraints/",
    "Count ways to divide circle using N non-intersecting chords": "https://www.geeksforgeeks.org/count-ways-divide-circle-using-n-non-intersecting-chords/",
    "Count ways to increase LCS length of two strings by one": "https://www.geeksforgeeks.org/count-ways-increase-lcs-length-two-strings-one/",
    "Count ways to reach the nth stair using step 1,  2 or  3": "https://www.geeksforgeeks.org/count-ways-reach-nth-stair-using-step-1-2-3/",
    "Count ways to reach the n’th stair": "https://www.geeksforgeeks.org/count-ways-reach-nth-stair/",
    "Counting numbers of n digits that are monotone": "https://www.geeksforgeeks.org/counting-numbers-n-digits-monotone/",
    "Counting pairs when a person can form pair with at most one": "https://www.geeksforgeeks.org/counting-pairs-person-can-form-pair-one/",
    "Counts paths from a point to reach Origin": "https://www.geeksforgeeks.org/counts-paths-point-reach-origin/",
    "Delannoy Number": "https://www.geeksforgeeks.org/delannoy-number/",
    "Different ways to sum n using numbers greater than or equal to m": "https://www.geeksforgeeks.org/different-ways-sum-n-using-numbers-greater-equal-m/",
    "Digit DP | Introduction": "https://www.geeksforgeeks.org/digit-dp-introduction/",
    "Dynamic Programming on Trees | Set 2": "https://www.geeksforgeeks.org/dynamic-programming-trees-set-2/",
    "Dynamic Programming on Trees | Set-1": "https://www.geeksforgeeks.org/dynamic-programming-trees-set-1/",
    "Dynamic Programming vs Divide-and-Conquer": "https://www.geeksforgeeks.org/dynamic-programming-vs-divide-and-conquer/",
    "Dynamic Programming | Building Bridges": "https://www.geeksforgeeks.org/dynamic-programming-building-bridges/",
    "Dynamic Programming | High-effort vs. Low-effort Tasks Problem": "https://www.geeksforgeeks.org/dynamic-programming-high-effort-vs-low-effort-tasks-problem/",
    "Dynamic Programming | Wildcard Pattern Matching  | Linear Time and Constant Space": "https://www.geeksforgeeks.org/dynamic-programming-wildcard-pattern-matching-linear-time-constant-space/",
    "Edit Distance | DP using Memoization": "https://www.geeksforgeeks.org/edit-distance-dp-using-memoization/",
    "Edit distance and LCS (Longest Common Subsequence)": "https://www.geeksforgeeks.org/edit-distance-and-lcs-longest-common-subsequence/",
    "Efficient program to print all prime factors of a given number": "https://www.geeksforgeeks.org/print-all-prime-factors-of-a-given-number/",
    "Entringer Number": "https://www.geeksforgeeks.org/entringer-number/",
    "Eulerian Number": "https://www.geeksforgeeks.org/eulerian-number/",
    "Find Jobs involved in Weighted Job Scheduling": "https://www.geeksforgeeks.org/find-jobs-involved-in-weighted-job-scheduling/",
    "Find Maximum dot product of two arrays with insertion of 0’s": "https://www.geeksforgeeks.org/find-maximum-dot-product-two-arrays-insertion-0s/",
    "Find all combinations of k-bit numbers with n bits set where 1 <= n <= k in sorted order": "https://www.geeksforgeeks.org/find-combinations-k-bit-numbers-n-bits-set-1-n-k-sorted-order/",
    "Find all distinct palindromic sub-strings of a given string": "https://www.geeksforgeeks.org/find-number-distinct-palindromic-sub-strings-given-string/",
    "Find all distinct subset (or subsequence) sums of an array": "https://www.geeksforgeeks.org/find-distinct-subset-subsequence-sums-array/",
    "Find all distinct subset (or subsequence) sums of an array | Set-2": "https://www.geeksforgeeks.org/find-all-distinct-subset-or-subsequence-sums-of-an-array-set-2/",
    "Find if string is K-Palindrome or not | Set 1": "https://www.geeksforgeeks.org/find-if-string-is-k-palindrome-or-not/",
    "Find if string is K-Palindrome or not | Set 2": "https://www.geeksforgeeks.org/find-if-string-is-k-palindrome-or-not-set-2/",
    "Find length of longest subsequence of one string which is substring of another string": "https://www.geeksforgeeks.org/find-length-longest-subsequence-one-string-substring-another-string/",
    "Find length of the longest consecutive path from a given starting character": "https://www.geeksforgeeks.org/find-length-of-the-longest-consecutive-path-in-a-character-matrix/",
    "Find longest bitonic sequence such that increasing and decreasing parts are from two different arrays": "https://www.geeksforgeeks.org/find-longest-bitonic-sequence-increasing-decreasing-parts-two-different-arrays/",
    "Find maximum length Snake sequence": "https://www.geeksforgeeks.org/find-maximum-length-snake-sequence/",
    "Find maximum possible stolen value from houses": "https://www.geeksforgeeks.org/find-maximum-possible-stolen-value-houses/",
    "Find maximum sum array of length less than or equal to m": "https://www.geeksforgeeks.org/find-maximum-sum-array-length-less-equal-m/",
    "Find minimum adjustment cost of an array": "https://www.geeksforgeeks.org/find-minimum-adjustment-cost-of-an-array/",
    "Find minimum number of coins that make a given value": "https://www.geeksforgeeks.org/find-minimum-number-of-coins-that-make-a-change/",
    "Find minimum possible size of array with given rules for removing elements": "https://www.geeksforgeeks.org/find-minimum-possible-size-of-array-with-given-rules-for-removal/",
    "Find minimum sum such that one of every three consecutive elements is taken": "https://www.geeksforgeeks.org/find-minimum-sum-one-every-three-consecutive-elements-taken/",
    "Find n-th element from Stern’s Diatomic Series": "https://www.geeksforgeeks.org/find-n-th-element-from-sterns-diatomic-series/",
    "Find number of endless points": "https://www.geeksforgeeks.org/find-number-endless-points/",
    "Find number of solutions of a linear equation of n variables": "https://www.geeksforgeeks.org/find-number-of-solutions-of-a-linear-equation-of-n-variables/",
    "Find number of times a string occurs as a subsequence in given string": "https://www.geeksforgeeks.org/find-number-times-string-occurs-given-string/",
    "Find the Longest Increasing Subsequence in Circular manner": "https://www.geeksforgeeks.org/find-longest-increasing-subsequence-circular-manner/",
    "Find the largest area rectangular sub-matrix whose sum is equal to k": "https://www.geeksforgeeks.org/find-the-largest-area-rectangular-sub-matrix-whose-sum-is-equal-to-k/",
    "Find the longest path in a matrix with given constraints": "https://www.geeksforgeeks.org/find-the-longest-path-in-a-matrix-with-given-constraints/",
    "Find the minimum cost to reach destination using a train": "https://www.geeksforgeeks.org/find-the-minimum-cost-to-reach-a-destination-where-every-station-is-connected-in-one-direction/",
    "Find the probability of reaching all points after N moves from point N": "https://www.geeksforgeeks.org/find-the-probability-of-reaching-all-points-after-n-moves-from-point-n/",
    "Finding the maximum square sub-matrix with all equal elements": "https://www.geeksforgeeks.org/finding-the-maximum-square-sub-matrix-with-all-equal-elements/",
    "Friends Pairing Problem": "https://www.geeksforgeeks.org/friends-pairing-problem/",
    "G-Fact 21 | Collatz Sequence": "https://www.geeksforgeeks.org/collatz-sequence/",
    "Generate all unique partitions of an integer": "https://www.geeksforgeeks.org/generate-unique-partitions-of-an-integer/",
    "Given a large number, check if a subsequence of digits is divisible by 8": "https://www.geeksforgeeks.org/given-large-number-check-subsequence-digits-divisible-8/",
    "Gold Mine Problem": "https://www.geeksforgeeks.org/gold-mine-problem/",
    "Golomb sequence": "https://www.geeksforgeeks.org/golomb-sequence/",
    "Highway Billboard Problem": "https://www.geeksforgeeks.org/highway-billboard-problem/",
    "Hosoya’s Triangle": "https://www.geeksforgeeks.org/hosoyas-triangle/",
    "How to print maximum number of  A’s using given four keys": "https://www.geeksforgeeks.org/how-to-print-maximum-number-of-a-using-given-four-keys/",
    "How to solve a Dynamic Programming Problem ?": "https://www.geeksforgeeks.org/solve-dynamic-programming-problem/",
    "Jacobsthal and Jacobsthal-Lucas numbers": "https://www.geeksforgeeks.org/jacobsthal-and-jacobsthal-lucas-numbers/",
    "K maximum sums of non-overlapping contiguous sub-arrays": "https://www.geeksforgeeks.org/k-maximum-sums-non-overlapping-contiguous-sub-arrays/",
    "K maximum sums of overlapping contiguous sub-arrays": "https://www.geeksforgeeks.org/k-maximum-sum-overlapping-contiguous-sub-arrays/",
    "LCS (Longest Common Subsequence) of three strings": "https://www.geeksforgeeks.org/lcs-longest-common-subsequence-three-strings/",
    "LCS formed by consecutive segments of at least length K": "https://www.geeksforgeeks.org/lcs-formed-consecutive-segments-least-length-k/",
    "Largest Sum Contiguous Subarray": "https://www.geeksforgeeks.org/largest-sum-contiguous-subarray/",
    "Largest area rectangular sub-matrix with equal number of 1’s and 0’s": "https://www.geeksforgeeks.org/largest-area-rectangular-sub-matrix-equal-number-1s-0s/",
    "Largest divisible pairs subset": "https://www.geeksforgeeks.org/largest-divisible-pairs-subset/",
    "Largest rectangular sub-matrix having sum divisible by k": "https://www.geeksforgeeks.org/largest-rectangular-sub-matrix-sum-divisible-k/",
    "Largest rectangular sub-matrix whose sum is 0": "https://www.geeksforgeeks.org/largest-rectangular-sub-matrix-whose-sum-0/",
    "Largest sum Zigzag sequence in a matrix": "https://www.geeksforgeeks.org/largest-sum-zig-zag-sequence-in-a-matrix/",
    "Largest sum subarray with at-least k numbers": "https://www.geeksforgeeks.org/largest-sum-subarray-least-k-numbers/",
    "Length of Longest Balanced Subsequence": "https://www.geeksforgeeks.org/length-longest-balanced-subsequence/",
    "Length of longest common subsequence containing vowels": "https://www.geeksforgeeks.org/length-of-longest-common-subsequence-containing-vowels/",
    "Length of the longest valid substring": "https://www.geeksforgeeks.org/length-of-the-longest-valid-substring/",
    "Level Ancestor Problem": "https://www.geeksforgeeks.org/level-ancestor-problem/",
    "Lobb Number": "https://www.geeksforgeeks.org/lobb-number/",
    "Longest  Common Substring (Space optimized DP solution)": "https://www.geeksforgeeks.org/longest-common-substring-space-optimized-dp-solution/",
    "Longest Common Increasing Subsequence (LCS + LIS)": "https://www.geeksforgeeks.org/longest-common-increasing-subsequence-lcs-lis/",
    "Longest Common Subsequence with at most k changes allowed": "https://www.geeksforgeeks.org/longest-common-subsequence-with-at-most-k-changes-allowed/",
    "Longest Common Subsequence | DP using Memoization": "https://www.geeksforgeeks.org/longest-common-subsequence-dp-using-memoization/",
    "Longest Decreasing Subsequence": "https://www.geeksforgeeks.org/longest-decreasing-subsequence/",
    "Longest Even Length Substring such that Sum of First and Second Half is same": "https://www.geeksforgeeks.org/longest-even-length-substring-sum-first-second-half/",
    "Longest Geometric Progression": "https://www.geeksforgeeks.org/longest-geometric-progression/",
    "Longest Increasing Odd Even Subsequence": "https://www.geeksforgeeks.org/longest-increasing-odd-even-subsequence/",
    "Longest Increasing Path in Matrix": "https://www.geeksforgeeks.org/longest-increasing-path-matrix/",
    "Longest Increasing Subsequence Size (N log N)": "https://www.geeksforgeeks.org/longest-monotonically-increasing-subsequence-size-n-log-n/",
    "Longest Increasing consecutive subsequence": "https://www.geeksforgeeks.org/longest-increasing-consecutive-subsequence/",
    "Longest Palindromic Substring | Set 1": "https://www.geeksforgeeks.org/longest-palindrome-substring-set-1/",
    "Longest Repeated Subsequence": "https://www.geeksforgeeks.org/longest-repeated-subsequence/",
    "Longest Repeating Subsequence": "https://www.geeksforgeeks.org/longest-repeating-subsequence/",
    "Longest Zig-Zag Subsequence": "https://www.geeksforgeeks.org/longest-zig-zag-subsequence/",
    "Longest alternating (positive and negative) subarray starting at every index": "https://www.geeksforgeeks.org/longest-alternating-positive-negative-subarray-starting-every-index/",
    "Longest alternating sub-array starting from every index in a Binary Array": "https://www.geeksforgeeks.org/longest-alternating-sub-array-starting-every-index-binary-array/",
    "Longest alternating subsequence": "https://www.geeksforgeeks.org/longest-alternating-subsequence/",
    "Longest palindrome subsequence  with O(n) space": "https://www.geeksforgeeks.org/longest-palindrome-subsequence-space/",
    "Longest repeating and non-overlapping substring": "https://www.geeksforgeeks.org/longest-repeating-and-non-overlapping-substring/",
    "Longest subarray having maximum sum": "https://www.geeksforgeeks.org/longest-subarray-having-maximum-sum/",
    "Longest subsequence such that difference between adjacents is one": "https://www.geeksforgeeks.org/longest-subsequence-such-that-difference-between-adjacents-is-one/",
    "Lucas Numbers": "https://www.geeksforgeeks.org/lucas-numbers/",
    "Matrix Exponentiation": "https://www.geeksforgeeks.org/matrix-exponentiation/",
    "Maximize arr[j] – arr[i] + arr[l] – arr[k], such that i < j < k < l": "https://www.geeksforgeeks.org/maximize-arrj-arri-arrl-arrk-such-that-i-j-k-l/",
    "Maximize array elements upto given number": "https://www.geeksforgeeks.org/maximize-array-elements-upto-given-number/",
    "Maximize the binary matrix by filpping submatrix once": "https://www.geeksforgeeks.org/maximize-binary-matrix-filpping-submatrix/",
    "Maximize the sum of selected numbers from an array to make it empty": "https://www.geeksforgeeks.org/maximize-sum-selected-numbers-performing-following-operation/",
    "Maximum Product Subarray | Added negative product case": "https://www.geeksforgeeks.org/maximum-product-subarray-added-negative-product-case/",
    "Maximum Subarray Sum Excluding Certain Elements": "https://www.geeksforgeeks.org/maximum-subarray-sum-excluding-certain-elements/",
    "Maximum Subarray Sum using Divide and Conquer algorithm": "https://www.geeksforgeeks.org/maximum-subarray-sum-using-divide-and-conquer-algorithm/",
    "Maximum Sum Decreasing Subsequence": "https://www.geeksforgeeks.org/maximum-sum-decreasing-subsequence/",
    "Maximum absolute difference between sum of two contiguous sub-arrays": "https://www.geeksforgeeks.org/maximum-absolute-difference-between-sum-of-two-contiguous-sub-arrays/",
    "Maximum and Minimum Values of an Algebraic Expression": "https://www.geeksforgeeks.org/maximum-minimum-values-algebraic-expression/",
    "Maximum average sum partition of an array": "https://www.geeksforgeeks.org/maximum-average-sum-partition-array/",
    "Maximum decimal value path in a binary matrix": "https://www.geeksforgeeks.org/maximum-decimal-value-path-in-a-binary-matrix/",
    "Maximum difference of zeros and ones in binary string": "https://www.geeksforgeeks.org/maximum-difference-zeros-ones-binary-string/",
    "Maximum difference of zeros and ones in binary string | Set 2 (O(n) time)": "https://www.geeksforgeeks.org/maximum-difference-zeros-ones-binary-string-set-2-time/",
    "Maximum games played by winner": "https://www.geeksforgeeks.org/maximum-games-played-winner/",
    "Maximum length of segments of 0’s and 1’s": "https://www.geeksforgeeks.org/maximum-length-of-segments-of-0s-and-1s/",
    "Maximum length subsequence with difference between adjacent elements as either 0 or 1": "https://www.geeksforgeeks.org/maximum-length-subsequence-difference-adjacent-elements-either-0-1/",
    "Maximum number of segments of lengths a, b and c": "https://www.geeksforgeeks.org/maximum-number-segments-lengths-b-c/",
    "Maximum number of trailing zeros in the product of the subsets of size k": "https://www.geeksforgeeks.org/maximum-number-of-trailing-zeros-in-the-product-of-the-subsets-of-size-k/",
    "Maximum path sum for each position with jumps under divisibility condition": "https://www.geeksforgeeks.org/maximum-path-sum-position-jumps-divisibility-condition/",
    "Maximum path sum in a triangle.": "https://www.geeksforgeeks.org/maximum-path-sum-triangle/",
    "Maximum path sum that starting with any cell of 0-th row  and ending with any cell of (N-1)-th row": "https://www.geeksforgeeks.org/maximum-path-sum-starting-cell-0-th-row-ending-cell-n-1-th-row/",
    "Maximum points collected by two persons allowed to meet once": "https://www.geeksforgeeks.org/maximum-points-collected-by-two-persons-allowed-to-meet-once/",
    "Maximum points from top left of matrix to bottom right and return back": "https://www.geeksforgeeks.org/maximum-points-top-left-matrix-bottom-right-return-back/",
    "Maximum product of an increasing subsequence": "https://www.geeksforgeeks.org/maximum-product-increasing-subsequence/",
    "Maximum profit by buying and selling a share at most k times": "https://www.geeksforgeeks.org/maximum-profit-by-buying-and-selling-a-share-at-most-k-times/",
    "Maximum profit by buying and selling a share at most twice": "https://www.geeksforgeeks.org/maximum-profit-by-buying-and-selling-a-share-at-most-twice/",
    "Maximum profit from sale of wines": "https://www.geeksforgeeks.org/maximum-profit-sale-wines/",
    "Maximum size square sub-matrix with all 1s": "https://www.geeksforgeeks.org/maximum-size-sub-matrix-with-all-1s-in-a-binary-matrix/",
    "Maximum size subset with given sum": "https://www.geeksforgeeks.org/maximum-size-subset-given-sum/",
    "Maximum sub-matrix area having count of 1’s one more than count of 0’s": "https://www.geeksforgeeks.org/maximum-sub-matrix-area-having-count-of-1s-one-more-than-count-of-0s/",
    "Maximum subarray sum in O(n) using prefix sum": "https://www.geeksforgeeks.org/maximum-subarray-sum-using-prefix-sum/",
    "Maximum subarray sum in an array created after repeated concatenation": "https://www.geeksforgeeks.org/maximum-subarray-sum-array-created-repeated-concatenation/",
    "Maximum subsequence sum such that no three are consecutive": "https://www.geeksforgeeks.org/maximum-subsequence-sum-such-that-no-three-are-consecutive/",
    "Maximum sum  Bi-tonic Sub-sequence": "https://www.geeksforgeeks.org/maximum-sum-bi-tonic-sub-sequence/",
    "Maximum sum alternating subsequence": "https://www.geeksforgeeks.org/maximum-sum-alternating-subsequence-sum/",
    "Maximum sum bitonic subarray": "https://www.geeksforgeeks.org/maximum-sum-bitonic-subarray/",
    "Maximum sum in a 2 x n grid such that no two elements are adjacent": "https://www.geeksforgeeks.org/maximum-sum-2-x-n-grid-no-two-elements-adjacent/",
    "Maximum sum in circular array such that no two elements are adjacent": "https://www.geeksforgeeks.org/maximum-sum-in-circular-array-such-that-no-two-elements-are-adjacent/",
    "Maximum sum increasing subsequence from a prefix and a given element after prefix is must": "https://www.geeksforgeeks.org/maximum-sum-increasing-subsequence-from-a-prefix-and-a-given-element-after-prefix-is-must/",
    "Maximum sum of a path in a Right Number Triangle": "https://www.geeksforgeeks.org/maximum-sum-path-right-number-triangle/",
    "Maximum sum of pairs with specific difference": "https://www.geeksforgeeks.org/maximum-sum-pairs-specific-difference/",
    "Maximum sum path in a matrix from top to bottom": "https://www.geeksforgeeks.org/maximum-sum-path-matrix-top-bottom/",
    "Maximum sum subarray removing at most one element": "https://www.geeksforgeeks.org/maximum-sum-subarray-removing-one-element/",
    "Maximum sum subsequence with at-least k distant elements": "https://www.geeksforgeeks.org/maximum-sum-subsequence-least-k-distant-elements/",
    "Maximum sum such that no two elements are adjacent": "https://www.geeksforgeeks.org/maximum-sum-such-that-no-two-elements-are-adjacent/",
    "Maximum value with the choice of either dividing or considering as it is": "https://www.geeksforgeeks.org/maximum-value-choice-either-dividing-considering/",
    "Maximum weight path ending at any element of last row in a matrix": "https://www.geeksforgeeks.org/maximum-weight-path-ending-element-last-row-matrix/",
    "Maximum weight transformation of a given string": "https://www.geeksforgeeks.org/maximum-weight-transformation-of-a-given-string/",
    "Memoization (1D,  2D and 3D)": "https://www.geeksforgeeks.org/memoization-1d-2d-and-3d/",
    "Minimal moves to form a string by adding characters or appending string itself": "https://www.geeksforgeeks.org/minimal-moves-form-string-adding-characters-appending-string/",
    "Minimum Cost Path with Left, Right, Bottom and Up moves allowed": "https://www.geeksforgeeks.org/minimum-cost-path-left-right-bottom-moves-allowed/",
    "Minimum Cost Polygon Triangulation": "https://www.geeksforgeeks.org/minimum-cost-polygon-triangulation/",
    "Minimum Cost To Make Two Strings Identical": "https://www.geeksforgeeks.org/minimum-cost-make-two-strings-identical/",
    "Minimum Initial Points to Reach Destination": "https://www.geeksforgeeks.org/minimum-positive-points-to-reach-destination/",
    "Minimum Sum Path In 3-D Array": "https://www.geeksforgeeks.org/minimum-sum-path-3-d-array/",
    "Minimum Sum Path in a Triangle": "https://www.geeksforgeeks.org/minimum-sum-path-triangle/",
    "Minimum and Maximum values of an expression with * and +": "https://www.geeksforgeeks.org/minimum-maximum-values-expression/",
    "Minimum cells required to reach destination with jumps equal to cell values": "https://www.geeksforgeeks.org/minimum-cells-required-reach-destination-jumps-equal-cell-values/",
    "Minimum cost to fill given weight in a bag": "https://www.geeksforgeeks.org/minimum-cost-to-fill-given-weight-in-a-bag/",
    "Minimum cost to make Longest Common Subsequence of length k": "https://www.geeksforgeeks.org/minimum-cost-make-longest-common-subsequence-length-k/",
    "Minimum cost to make two strings identical by deleting the digits": "https://www.geeksforgeeks.org/minimum-cost-make-two-strings-identical-deleting-digits/",
    "Minimum cost to reach the top of the floor by climbing stairs": "https://www.geeksforgeeks.org/minimum-cost-to-reach-the-top-of-the-floor-by-climbing-stairs/",
    "Minimum cost to sort strings using reversal operations of different costs": "https://www.geeksforgeeks.org/minimum-cost-sort-strings-using-reversal-operations-different-costs/",
    "Minimum insertions to sort an array": "https://www.geeksforgeeks.org/minimum-insertions-sort-array/",
    "Minimum jumps to reach last building in a matrix": "https://www.geeksforgeeks.org/minimum-jumps-to-reach-last-building-in-a-matrix/",
    "Minimum number of deletions and insertions to transform one string into another": "https://www.geeksforgeeks.org/minimum-number-deletions-insertions-transform-one-string-another/",
    "Minimum number of deletions to make a sorted sequence": "https://www.geeksforgeeks.org/minimum-number-deletions-make-sorted-sequence/",
    "Minimum number of deletions to make a string palindrome": "https://www.geeksforgeeks.org/minimum-number-deletions-make-string-palindrome/",
    "Minimum number of deletions to make a string palindrome | Set 2": "https://www.geeksforgeeks.org/minimum-number-deletions-make-string-palindrome-set-2/",
    "Minimum number of elements which are not part of Increasing or decreasing subsequence in array": "https://www.geeksforgeeks.org/minimum-number-of-elements-which-are-not-part-of-increasing-or-decreasing-subsequence-in-array/",
    "Minimum number of jumps to reach end": "https://www.geeksforgeeks.org/minimum-number-of-jumps-to-reach-end-of-a-given-array/",
    "Minimum number of jumps to reach end | Set 2 (O(n) solution)": "https://www.geeksforgeeks.org/minimum-number-jumps-reach-endset-2on-solution/",
    "Minimum number of single digit primes required whose sum is equal to N": "https://www.geeksforgeeks.org/minimum-number-of-single-digit-primes-required-whose-sum-is-equal-to-n/",
    "Minimum number of squares whose sum equals to given number n": "https://www.geeksforgeeks.org/minimum-number-of-squares-whose-sum-equals-to-given-number-n/",
    "Minimum removals from array to make max – min <= K": "https://www.geeksforgeeks.org/minimum-removals-array-make-max-min-k/",
    "Minimum splits in a binary string such that every substring is a power of 4 or 6.": "https://www.geeksforgeeks.org/minimum-splits-in-a-binary-string-such-that-every-substring-is-a-power-of-4-or-6/",
    "Minimum steps to delete a string after repeated deletion of palindrome substrings": "https://www.geeksforgeeks.org/minimum-steps-to-delete-a-string-after-repeated-deletion-of-palindrome-substrings/",
    "Minimum steps to minimize n as per given condition": "https://www.geeksforgeeks.org/minimum-steps-minimize-n-per-given-condition/",
    "Minimum steps to reach a destination": "https://www.geeksforgeeks.org/minimum-steps-to-reach-a-destination/",
    "Minimum steps to reach target by a Knight | Set 2": "https://www.geeksforgeeks.org/minimum-steps-reach-target-knight-set-2/",
    "Minimum sum of multiplications of n numbers": "https://www.geeksforgeeks.org/minimum-sum-of-multiplications-of-n-numbers/",
    "Minimum sum submatrix in a given 2D array": "https://www.geeksforgeeks.org/minimum-sum-submatrix-given-2d-array/",
    "Minimum sum subsequence such that at least one of every four consecutive elements is picked": "https://www.geeksforgeeks.org/minimum-sum-subsequence-least-one-every-four-consecutive-elements-picked/",
    "Minimum time to finish tasks without skipping two consecutive": "https://www.geeksforgeeks.org/minimum-time-to-finish-tasks-without-skipping-two-consecutive/",
    "Minimum time to write characters using insert, delete and copy operation": "https://www.geeksforgeeks.org/minimum-time-write-characters-using-insert-delete-copy-operation/",
    "Mobile Numeric Keypad Problem": "https://www.geeksforgeeks.org/mobile-numeric-keypad-problem/",
    "Modify array to maximize sum of adjacent differences": "https://www.geeksforgeeks.org/modify-array-to-maximize-sum-of-adjacent-differences/",
    "Moser-de Bruijn Sequence": "https://www.geeksforgeeks.org/moser-de-bruijn-sequence/",
    "Multistage Graph (Shortest Path)": "https://www.geeksforgeeks.org/multistage-graph-shortest-path/",
    "Newman-Conway Sequence": "https://www.geeksforgeeks.org/newman-conway-sequence/",
    "Newman–Shanks–Williams prime": "https://www.geeksforgeeks.org/newman-shanks-williams-prime/",
    "Non-crossing lines to connect points in a circle": "https://www.geeksforgeeks.org/non-crossing-lines-connect-points-circle/",
    "Non-decreasing subsequence of size k with minimum sum": "https://www.geeksforgeeks.org/non-decreasing-subsequence-of-size-k-with-minimum-sum/",
    "Number of Co-prime pairs obtained from the sum of digits of elements in the given range": "https://www.geeksforgeeks.org/number-of-co-prime-pairs-obtained-from-the-sum-of-digits-of-elements-in-the-given-range/",
    "Number of NGEs to the right": "https://www.geeksforgeeks.org/number-nges-right/",
    "Number of Unique BST with a given key | Dynamic Programming": "https://www.geeksforgeeks.org/number-of-unique-bst-with-a-given-key-dynamic-programming/",
    "Number of arrays of size N whose elements are positive integers and sum is K": "https://www.geeksforgeeks.org/number-arrays-size-n-whose-elements-positive-integers-sum-k/",
    "Number of circular tours that visit all petrol pumps": "https://www.geeksforgeeks.org/number-of-circular-tours-that-visit-all-petrol-pumps/",
    "Number of decimal numbers of length k, that are strict monotone": "https://www.geeksforgeeks.org/number-decimal-numbers-length-k-strict-monotone/",
    "Number of different cyclic paths of length N in a tetrahedron": "https://www.geeksforgeeks.org/number-of-different-cyclic-paths-of-length-n-in-a-tetrahedron/",
    "Number of n digit stepping numbers": "https://www.geeksforgeeks.org/number-n-digit-stepping-numbers/",
    "Number of n-digits non-decreasing integers": "https://www.geeksforgeeks.org/number-n-digits-non-decreasing-integers/",
    "Number of non-negative integral solutions of a + b + c = n": "https://www.geeksforgeeks.org/number-non-negative-integral-solutions-b-c-n/",
    "Number of ordered pairs such that (Ai & Aj) = 0": "https://www.geeksforgeeks.org/number-ordered-pairs-ai-aj-0/",
    "Number of palindromic paths in a matrix": "https://www.geeksforgeeks.org/number-of-palindromic-paths-in-a-matrix/",
    "Number of palindromic subsequences of length k where k <= 3": "https://www.geeksforgeeks.org/number-of-palindromic-subsequences-of-length-k-where-k/",
    "Number of paths from source to destination in a directed acyclic graph": "https://www.geeksforgeeks.org/number-of-paths-from-source-to-destination-in-a-directed-acyclic-graph/",
    "Number of paths with exactly k coins": "https://www.geeksforgeeks.org/number-of-paths-with-exactly-k-coins/",
    "Number of permutation with K inversions": "https://www.geeksforgeeks.org/number-of-permutation-with-k-inversions/",
    "Number of subsequences in a string divisible by n": "https://www.geeksforgeeks.org/number-subsequences-string-divisible-n/",
    "Number of subsequences of the form a^i b^j c^k": "https://www.geeksforgeeks.org/number-subsequences-form-ai-bj-ck/",
    "Number of subsets with sum divisible by m": "https://www.geeksforgeeks.org/number-of-subsets-with-sum-divisible-by-m/",
    "Number of substrings divisible by 8 but not by 3": "https://www.geeksforgeeks.org/number-substrings-divisible-8-not-3/",
    "Number of ways a convex polygon of n+2 sides can split into triangles by connecting vertices": "https://www.geeksforgeeks.org/number-of-ways-a-convex-polygon-of-n2-sides-can-split-into-triangles-by-connecting-vertices/",
    "Number of ways to arrange N items under given constraints": "https://www.geeksforgeeks.org/number-of-ways-to-arrange-n-items-under-given-constraints/",
    "Number of ways to form a heap with n distinct integers": "https://www.geeksforgeeks.org/number-ways-form-heap-n-distinct-integers/",
    "Number of ways to form an array with distinct adjacent elements": "https://www.geeksforgeeks.org/number-of-ways-to-form-an-array-with-distinct-adjacent-elements/",
    "Number of ways to insert a character to increase the LCS by one": "https://www.geeksforgeeks.org/number-ways-insert-character-increase-lcs-one/",
    "Number of ways to reach Nth floor by taking  at-most K leaps": "https://www.geeksforgeeks.org/number-of-ways-to-reach-nth-floor-by-taking-at-most-k-leaps/",
    "Number of ways to represent a number as sum of k fibonacci numbers": "https://www.geeksforgeeks.org/number-of-ways-to-represent-a-number-as-sum-of-k-fibonacci-numbers/",
    "Padovan Sequence": "https://www.geeksforgeeks.org/padovan-sequence/",
    "Painting Fence Algorithm": "https://www.geeksforgeeks.org/painting-fence-algorithm/",
    "Paper Cut into Minimum Number of Squares | Set 2": "https://www.geeksforgeeks.org/paper-cut-minimum-number-squares-set-2/",
    "Partition a set into two subsets such that the difference of subset sums is minimum": "https://www.geeksforgeeks.org/partition-a-set-into-two-subsets-such-that-the-difference-of-subset-sums-is-minimum/",
    "Partitioning into two contiguous element subarrays with equal sums": "https://www.geeksforgeeks.org/partitioning-into-two-contiguous-element-subarray-with-equal-sums/",
    "Path with maximum average value": "https://www.geeksforgeeks.org/path-maximum-average-value/",
    "Perfect Sum Problem (Print all subsets with given sum)": "https://www.geeksforgeeks.org/perfect-sum-problem-print-subsets-given-sum/",
    "Permutation Coefficient": "https://www.geeksforgeeks.org/permutation-coefficient/",
    "Prefix Sum of Matrix (Or 2D Array)": "https://www.geeksforgeeks.org/prefix-sum-2d-array/",
    "Print Fibonacci Series in reverse order": "https://www.geeksforgeeks.org/print-fibonacci-series-reverse-order/",
    "Print Fibonacci sequence using 2 variables": "https://www.geeksforgeeks.org/print-fibonacci-sequence-using-2-variables/",
    "Print Longest Palindromic Subsequence": "https://www.geeksforgeeks.org/print-longest-palindromic-subsequence/",
    "Print Maximum Length Chain of Pairs": "https://www.geeksforgeeks.org/print-maximum-length-chain-of-pairs/",
    "Print all distinct characters of a string in order (3 Methods)": "https://www.geeksforgeeks.org/print-all-distinct-characters-of-a-string-in-order-3-methods/",
    "Print all longest common sub-sequences in lexicographical order": "https://www.geeksforgeeks.org/print-longest-common-sub-sequences-lexicographical-order/",
    "Print all possible ways to convert one string into another string | Edit-Distance": "https://www.geeksforgeeks.org/print-all-possible-ways-to-convert-one-string-into-another-string-edit-distance/",
    "Print equal sum sets of array (Partition Problem) | Set 2": "https://www.geeksforgeeks.org/print-equal-sum-sets-array-partition-problem-set-2/",
    "Print equal sum sets of array (Partition problem) | Set 1": "https://www.geeksforgeeks.org/print-equal-sum-sets-array-partition-problem/",
    "Print n terms of Newman-Conway Sequence": "https://www.geeksforgeeks.org/print-n-terms-newman-conway-sequence/",
    "Printing Items in 0/1 Knapsack": "https://www.geeksforgeeks.org/printing-items-01-knapsack/",
    "Printing Longest Bitonic Subsequence": "https://www.geeksforgeeks.org/printing-longest-bitonic-subsequence/",
    "Printing Longest Common Subsequence | Set 2 (Printing All)": "https://www.geeksforgeeks.org/printing-longest-common-subsequence-set-2-printing/",
    "Printing Maximum Sum Increasing Subsequence": "https://www.geeksforgeeks.org/printing-maximum-sum-increasing-subsequence/",
    "Printing Shortest Common Supersequence": "https://www.geeksforgeeks.org/print-shortest-common-supersequence/",
    "Printing brackets in Matrix Chain Multiplication Problem": "https://www.geeksforgeeks.org/printing-brackets-matrix-chain-multiplication-problem/",
    "Printing longest Increasing consecutive subsequence": "https://www.geeksforgeeks.org/printing-longest-increasing-consecutive-subsequence/",
    "Probability of Knight to remain in the chessboard": "https://www.geeksforgeeks.org/probability-knight-remain-chessboard/",
    "Probability of getting at least K heads in N tosses of Coins": "https://www.geeksforgeeks.org/probability-getting-least-k-heads-n-tosses-coins/",
    "Probability of reaching a point with 2 or 3 steps at a time": "https://www.geeksforgeeks.org/probability-reaching-point-2-3-steps-time/",
    "Program for Bridge and Torch problem": "https://www.geeksforgeeks.org/program-bridge-torch-problem/",
    "Program for Fibonacci numbers": "https://www.geeksforgeeks.org/program-for-nth-fibonacci-number/",
    "Program for nth Catalan Number": "https://www.geeksforgeeks.org/program-nth-catalan-number/",
    "Program to find amount of water in a given glass": "https://www.geeksforgeeks.org/find-water-in-a-glass/",
    "Pyramid form (increasing then decreasing) consecutive array using reduce operations": "https://www.geeksforgeeks.org/pyramid-form-increasing-decreasing-consecutive-array-using-reduce-operations/",
    "Queries on number of Binary sub-matrices of Given size": "https://www.geeksforgeeks.org/queries-number-binary-sub-matrices-given-size/",
    "Queries to find distance between two nodes of a Binary tree": "https://www.geeksforgeeks.org/queries-find-distance-two-nodes-binary-tree/",
    "Recursively break a number in 3 parts to get maximum sum": "https://www.geeksforgeeks.org/recursively-break-number-3-parts-get-maximum-sum/",
    "Remove array end element to maximize the sum of product": "https://www.geeksforgeeks.org/remove-array-end-element-maximize-sum-product/",
    "Remove minimum elements from either side such that 2*min  becomes more than max": "https://www.geeksforgeeks.org/remove-minimum-elements-either-side-2min-max/",
    "Rencontres Number (Counting partial derangements)": "https://www.geeksforgeeks.org/rencontres-number-counting-partial-derangements/",
    "Semiperfect Number": "https://www.geeksforgeeks.org/semiperfect-number/",
    "Sequence Alignment  problem": "https://www.geeksforgeeks.org/sequence-alignment-problem/",
    "Sequences of given length where every element is more than or equal to twice of previous": "https://www.geeksforgeeks.org/sequences-given-length-every-element-equal-twice-previous/",
    "Shortest Common Supersequence": "https://www.geeksforgeeks.org/shortest-common-supersequence/",
    "Shortest Uncommon Subsequence": "https://www.geeksforgeeks.org/shortest-uncommon-subsequence/",
    "Shortest path with exactly k edges in a directed and weighted graph": "https://www.geeksforgeeks.org/shortest-path-exactly-k-edges-directed-weighted-graph/",
    "Shortest possible combination of two strings": "https://www.geeksforgeeks.org/shortest-possible-combination-two-strings/",
    "Sieve of Eratosthenes": "https://www.geeksforgeeks.org/sieve-of-eratosthenes/",
    "Size of The Subarray With Maximum Sum": "https://www.geeksforgeeks.org/size-subarray-maximum-sum/",
    "Size of array after repeated deletion of LIS": "https://www.geeksforgeeks.org/size-array-repeated-deletion-lis/",
    "Smallest length string with repeated replacement of two distinct adjacent": "https://www.geeksforgeeks.org/smallest-length-string-with-repeated-replacement-of-two-distinct-adjacent/",
    "Smallest number with given sum of digits and sum of square of digits": "https://www.geeksforgeeks.org/smallest-number-with-given-sum-of-digits-and-sum-of-square-of-digits/",
    "Smallest sum contiguous subarray": "https://www.geeksforgeeks.org/smallest-sum-contiguous-subarray/",
    "Space and time efficient Binomial Coefficient": "https://www.geeksforgeeks.org/space-and-time-efficient-binomial-coefficient/",
    "Sub-tree with minimum color difference in a 2-coloured tree": "https://www.geeksforgeeks.org/sub-tree-minimum-color-difference-2-coloured-tree/",
    "Subset Sum Problem in O(sum) space": "https://www.geeksforgeeks.org/subset-sum-problem-osum-space/",
    "Subset with sum divisible by m": "https://www.geeksforgeeks.org/subset-sum-divisible-m/",
    "Sudo Placement[1.5] | Wolfish": "https://www.geeksforgeeks.org/sudo-placement1-5-wolfish/",
    "Sum of all substrings of a string representing a number | Set 1": "https://www.geeksforgeeks.org/sum-of-all-substrings-of-a-string-representing-a-number/",
    "Sum of all substrings of a string representing a number | Set 2 (Constant Extra Space)": "https://www.geeksforgeeks.org/sum-substrings-string-representing-number-set-2-constant-extra-space/",
    "Sum of average of all subsets": "https://www.geeksforgeeks.org/sum-average-subsets/",
    "Sum of elements of all partitions of number such that no element is less than K": "https://www.geeksforgeeks.org/sum-of-elements-of-all-partitions-of-number-such-that-no-element-is-less-than-k/",
    "Sum of product of consecutive Binomial Coefficients": "https://www.geeksforgeeks.org/sum-of-product-of-consecutive-binomial-coefficients/",
    "Sum of product of r and rth Binomial Coefficient (r * nCr)": "https://www.geeksforgeeks.org/sum-product-r-rth-binomial-coefficient-r-ncr/",
    "Sum of products of all combination taken (1 to n) at a time": "https://www.geeksforgeeks.org/sum-products-combination-taken-1-n-time/",
    "Super Ugly Number (Number whose prime factors are in given set)": "https://www.geeksforgeeks.org/super-ugly-number-number-whose-prime-factors-given-set/",
    "Tabulation vs Memoizatation": "https://www.geeksforgeeks.org/tabulation-vs-memoizatation/",
    "Temple Offerings": "https://www.geeksforgeeks.org/temple-offerings/",
    "Tetranacci Numbers": "https://www.geeksforgeeks.org/tetranacci-numbers/",
    "The Two Water Jug Puzzle": "https://www.geeksforgeeks.org/two-water-jug-puzzle/",
    "The painter’s partition problem": "https://www.geeksforgeeks.org/painters-partition-problem/",
    "The painter’s partition problem |  Set 2": "https://www.geeksforgeeks.org/painters-partition-problem-set-2/",
    "Tile Stacking Problem": "https://www.geeksforgeeks.org/tile-stacking-problem/",
    "Tiling Problem": "https://www.geeksforgeeks.org/tiling-problem/",
    "Tiling with Dominoes": "https://www.geeksforgeeks.org/tiling-with-dominoes/",
    "Total number of decreasing paths in a matrix": "https://www.geeksforgeeks.org/total-number-of-decreasing-paths-in-a-matrix/",
    "Total number of non-decreasing numbers with n digits": "https://www.geeksforgeeks.org/total-number-of-non-decreasing-numbers-with-n-digits/",
    "Total number of possible Binary Search Trees and Binary Trees with n keys": "https://www.geeksforgeeks.org/total-number-of-possible-binary-search-trees-with-n-keys/",
    "Travelling Salesman Problem | Set 1 (Naive and Dynamic Programming)": "https://www.geeksforgeeks.org/travelling-salesman-problem-set-1/",
    "Traversal of tree with k jumps allowed between nodes of same height": "https://www.geeksforgeeks.org/traversal-tree-ability-jump-nodes-height/",
    "Ugly Numbers": "https://www.geeksforgeeks.org/ugly-numbers/",
    "Unbounded Knapsack (Repetition of items allowed)": "https://www.geeksforgeeks.org/unbounded-knapsack-repetition-items-allowed/",
    "Unique paths in a Grid with Obstacles": "https://www.geeksforgeeks.org/unique-paths-in-a-grid-with-obstacles/",
    "Value of continuous floor function : F(x) = F(floor(x/2)) + x": "https://www.geeksforgeeks.org/value-continuous-floor-function-fx-ffloorx2-x/",
    "Vertex Cover Problem | Set 2  (Dynamic Programming Solution for Tree)": "https://www.geeksforgeeks.org/vertex-cover-problem-set-2-dynamic-programming-solution-tree/",
    "Water Jug Problem using Memoization": "https://www.geeksforgeeks.org/water-jug-problem-using-memoization/",
    "Ways of transforming one string to other by removing 0 or more characters": "https://www.geeksforgeeks.org/ways-transforming-one-string-removing-0-characters/",
    "Ways to arrange Balls such that adjacent balls are of different types": "https://www.geeksforgeeks.org/ways-to-arrange-balls-such-that-adjacent-balls-are-of-different-types/",
    "Ways to sum to N using array elements with repetition allowed": "https://www.geeksforgeeks.org/ways-sum-n-using-array-elements-repetition-allowed/",
    "Ways to write n as sum of two or more positive integers": "https://www.geeksforgeeks.org/ways-to-write-n-as-sum-of-two-or-more-positive-integers/",
    "Weighted Job Scheduling": "https://www.geeksforgeeks.org/weighted-job-scheduling/",
    "Weighted Job Scheduling in O(n Log n) time": "https://www.geeksforgeeks.org/weighted-job-scheduling-log-n-time/",
    "Weighted Job Scheduling | Set 2 (Using LIS)": "https://www.geeksforgeeks.org/weighted-job-scheduling-set-2-using-lis/",
    "Weird Number": "https://www.geeksforgeeks.org/weird-number/",
    "WildCard pattern matching having three symbols ( * ,  + ,  ? )": "https://www.geeksforgeeks.org/wildcard-pattern-matching-three-symbols/",
    "Wildcard Pattern Matching": "https://www.geeksforgeeks.org/wildcard-pattern-matching/",
    "Word Wrap problem ( Space optimized solution )": "https://www.geeksforgeeks.org/word-wrap-problem-space-optimized-solution/",
    "n-th number with digits in {0, 1, 2, 3, 4, 5}": "https://www.geeksforgeeks.org/n-th-number-with-digits-in-0-1-2-3-4-5/"
}