{
    "Graph and its representations": "https://www.geeksforgeeks.org/graph-and-its-representations/",
    "Breadth First Traversal for a Graph": "http://www.geeksforgeeks.org/breadth-first-traversal-for-a-graph/",
    "Applications of Breadth First Traversal": "https://www.geeksforgeeks.org/applications-of-breadth-first-traversal/",
    "Depth First Traversal for a Graph": "http://www.geeksforgeeks.org/depth-first-traversal-for-a-graph/",
    "Applications of Depth First Search": "https://www.geeksforgeeks.org/applications-of-depth-first-search/",
    "Iterative Depth First Traversal of Graph": "https://www.geeksforgeeks.org/iterative-depth-first-traversal/",
    "Detect Cycle in a Directed Graph": "https://www.geeksforgeeks.org/detect-cycle-in-a-graph/",
    "Union Find - (Detect Cycle in an Undirected Graph)": "http://www.geeksforgeeks.org/union-find/",
    "Detect cycle in an Undirected graph": "http://www.geeksforgeeks.org/detect-cycle-undirected-graph/",
    "Longest Path in a Directed Acyclic Graph": "https://www.geeksforgeeks.org/find-longest-path-directed-acyclic-graph/",
    "Topological Sorting": "https://www.geeksforgeeks.org/topological-sorting/",
    "Check whether a given graph is Bipartite or not": "https://www.geeksforgeeks.org/bipartite-graph/",
    "Snake and Ladder Problem": "https://www.geeksforgeeks.org/snake-ladder-problem-2/",
    "Minimize Cash Flow among a given set of friends who have borrowed money from each other": "https://www.geeksforgeeks.org/minimize-cash-flow-among-given-set-friends-borrowed-money/",
    "Boggle (Find all possible words in a board of characters)": "http://www.geeksforgeeks.org/boggle-find-possible-words-board-characters/",
    "Assign directions to edges so that the directed graph remains acyclic": "https://www.geeksforgeeks.org/assign-directions-to-edges-so-that-the-directed-graph-remains-acyclic/",
    "Prim's Minimum Spanning Tree (MST))": "http://www.geeksforgeeks.org/greedy-algorithms-set-5-prims-minimum-spanning-tree-mst-2/",
    "Applications of Minimum Spanning Tree Problem": "https://www.geeksforgeeks.org/applications-of-minimum-spanning-tree/",
    "Prim's MST for Adjacency List Representation": "http://www.geeksforgeeks.org/greedy-algorithms-set-5-prims-mst-for-adjacency-list-representation/",
    "Kruskal's Minimum Spanning Tree Algorithm": "http://www.geeksforgeeks.org/greedy-algorithms-set-2-kruskals-minimum-spanning-tree-mst/",
    "Dijkstra's shortest path algorithm": "http://www.geeksforgeeks.org/greedy-algorithms-set-6-dijkstras-shortest-path-algorithm/",
    "Dijkstra's Algorithm for Adjacency List Representation": "http://www.geeksforgeeks.org/greedy-algorithms-set-7-dijkstras-algorithm-for-adjacency-list-representation/",
    "Greedy Algorithms | Set 9 (Boruvka's algorithm)": "http://www.geeksforgeeks.org/greedy-algorithms-set-9-boruvkas-algorithm/",
    "Bellman-Ford Algorithm": "http://www.geeksforgeeks.org/dynamic-programming-set-23-bellman-ford-algorithm/",
    "Floyd Warshall Algorithm": "http://www.geeksforgeeks.org/dynamic-programming-set-16-floyd-warshall-algorithm/",
    "Johnson's algorithm for All-pairs shortest paths": "https://www.geeksforgeeks.org/johnsons-algorithm/",
    "Shortest Path in Directed Acyclic Graph": "https://www.geeksforgeeks.org/shortest-path-for-directed-acyclic-graphs/",
    "Some interesting shortest path questions, ": "http://www.geeksforgeeks.org/interesting-shortest-path-questions-set-1/",
    "Shortest path with exactly k edges in a directed and weighted graph": "https://www.geeksforgeeks.org/shortest-path-exactly-k-edges-directed-weighted-graph/",
    "Find if there is a path between two vertices in a directed graph": "https://www.geeksforgeeks.org/find-if-there-is-a-path-between-two-vertices-in-a-given-graph/",
    "Find if the strings can be chained to form a circle": "http://www.geeksforgeeks.org/given-array-strings-find-strings-can-chained-form-circle/",
    "Find same contacts in a list of contacts": "https://www.geeksforgeeks.org/find-same-contacts-in-a-list-of-contacts/",
    "Find the minimum cost to reach destination using a train": "https://www.geeksforgeeks.org/find-the-minimum-cost-to-reach-a-destination-where-every-station-is-connected-in-one-direction/",
    "Given a sorted dictionary of an alien language, find order of characters": "https://www.geeksforgeeks.org/given-sorted-dictionary-find-precedence-characters/",
    "Length of shortest chain to reach a target word": "http://www.geeksforgeeks.org/length-of-shortest-chain-to-reach-a-target-word/",
    "Minimum time required to rot all oranges": "https://www.geeksforgeeks.org/minimum-time-required-so-that-all-oranges-become-rotten/",
    "Optimal read list for given number of days": "https://www.geeksforgeeks.org/optimal-read-list-given-number-days/",
    "Print all paths from a given source to a destination": "https://www.geeksforgeeks.org/find-paths-given-source-destination/",
    "Print all Jumping Numbers smaller than or equal to a given value": "https://www.geeksforgeeks.org/print-all-jumping-numbers-smaller-than-or-equal-to-a-given-value/",
    "Stable Marriage Problem": "https://www.geeksforgeeks.org/stable-marriage-problem/",
    "Steiner Tree Problem": "https://www.geeksforgeeks.org/steiner-tree/",
    "Connectivity in a directed graph": "http://www.geeksforgeeks.org/connectivity-in-a-directed-graph/",
    "Articulation Points (or Cut Vertices) in a Graph": "https://www.geeksforgeeks.org/articulation-points-or-cut-vertices-in-a-graph/",
    "Biconnected graph": "https://www.geeksforgeeks.org/biconnectivity-in-a-graph/",
    "Bridges in a graph": "https://www.geeksforgeeks.org/bridge-in-a-graph/",
    "Eulerian path and circuit": "http://www.geeksforgeeks.org/eulerian-path-and-circuit/",
    "Fleury's Algorithm for printing Eulerian Path or Circuit": "https://www.geeksforgeeks.org/fleurys-algorithm-for-printing-eulerian-path/",
    "Strongly Connected Components": "https://www.geeksforgeeks.org/strongly-connected-components/",
    "Tarjan's Algorithm to find Strongly Connected Components": "https://www.geeksforgeeks.org/tarjan-algorithm-find-strongly-connected-components/",
    "Transitive closure of a graph": "https://www.geeksforgeeks.org/transitive-closure-of-a-graph/",
    "Find the number of islands": "http://www.geeksforgeeks.org/find-number-of-islands/",
    "Count all possible walks from a source to a destination with exactly k edges": "https://www.geeksforgeeks.org/count-possible-paths-source-destination-exactly-k-edges/",
    "Euler Circuit in a Directed Graph": "https://www.geeksforgeeks.org/euler-circuit-directed-graph/",
    "Biconnected Components": "https://www.geeksforgeeks.org/biconnected-components/",
    "Graph Coloring (Introduction and Applications)": "http://www.geeksforgeeks.org/graph-coloring-applications/",
    "Greedy Algorithm for Graph Coloring": "http://www.geeksforgeeks.org/graph-coloring-set-2-greedy-algorithm/",
    "Travelling Salesman Problem (Naive and Dynamic Programming)": "http://www.geeksforgeeks.org/travelling-salesman-problem-set-1/",
    "Travelling Salesman Problem (Approximate using MST)": "http://www.geeksforgeeks.org/travelling-salesman-problem-set-2-approximate-using-mst/",
    "Hamiltonian Cycle": "http://www.geeksforgeeks.org/backtracking-set-7-hamiltonian-cycle/",
    "Vertex Cover Problem | Set 1 (Introduction and Approximate Algorithm)": "https://www.geeksforgeeks.org/vertex-cover-problem-set-1-introduction-approximate-algorithm-2/",
    "K Centers Problem | Set 1 (Greedy Approximate Algorithm)": "https://www.geeksforgeeks.org/k-centers-problem-set-1-greedy-approximate-algorithm/",
    "Ford-Fulkerson Algorithm for Maximum Flow Problem": "https://www.geeksforgeeks.org/ford-fulkerson-algorithm-for-maximum-flow-problem/",
    "Find maximum number of edge disjoint paths between two vertices": "https://www.geeksforgeeks.org/find-edge-disjoint-paths-two-vertices/",
    "Find minimum s-t cut in a flow network": "https://www.geeksforgeeks.org/minimum-cut-in-a-directed-graph/",
    "Maximum Bipartite Matching": "https://www.geeksforgeeks.org/maximum-bipartite-matching/",
    "Channel Assignment Problem": "https://www.geeksforgeeks.org/channel-assignment-problem/",
    "Union Find Algorithm | Set 2 (Union By Rank and Path Compression)": "http://www.geeksforgeeks.org/union-find-algorithm-set-2-union-by-rank/",
    "Karger's algorithm for Minimum Cut": "http://www.geeksforgeeks.org/kargers-algorithm-for-minimum-cut-set-1-introduction-and-implementation/",
    "Karger's algorithm for Minimum Cut | Set 2 (Analysis and Applications)": "https://www.geeksforgeeks.org/kargers-algorithm-for-minimum-cut-set-2-analysis-and-applications/",
    "Hopcroft Karp Algorithm for Maximum Matching | Set 1 (Introduction)": "http://www.geeksforgeeks.org/hopcroft-karp-algorithm-for-maximum-matching-set-1-introduction/",
    "Hopcroft-Karp Algorithm for Maximum Matching | Set 2 (Implementation)": "https://www.geeksforgeeks.org/hopcroft-karp-algorithm-for-maximum-matching-set-2-implementation/",
    "0-1 BFS (Shortest Path in a Binary Weight Graph)": "https://www.geeksforgeeks.org/0-1-bfs-shortest-path-binary-graph/",
    "2-Satisfiability (2-SAT) Problem": "https://www.geeksforgeeks.org/2-satisfiability-2-sat-problem/",
    "A matrix probability question": "https://www.geeksforgeeks.org/a-matrix-probability-question/",
    "A Peterson Graph Problem": "https://www.geeksforgeeks.org/peterson-graph/",
    "All Topological Sorts of a Directed Acyclic Graph": "https://www.geeksforgeeks.org/all-topological-sorts-of-a-directed-acyclic-graph/",
    "Applications of Graph Data Structure": "https://www.geeksforgeeks.org/applications-of-graph-data-structure/",
    "Barabasi Albert Graph (for Scale Free Models)": "https://www.geeksforgeeks.org/barabasi-albert-graph-scale-free-models/",
    "Bellman-Ford Algorithm | DP-23": "https://www.geeksforgeeks.org/bellman-ford-algorithm-dp-23/",
    "Best First Search (Informed Search)": "https://www.geeksforgeeks.org/best-first-search-informed-search/",
    "Betweenness Centrality (Centrality Measure)": "https://www.geeksforgeeks.org/betweenness-centrality-centrality-measure/",
    "BFS for Disconnected Graph": "https://www.geeksforgeeks.org/bfs-disconnected-graph/",
    "BFS using STL for competitive coding": "https://www.geeksforgeeks.org/bfs-using-stl-competitive-coding/",
    "BFS using vectors & queue as per the algorithm of CLRS": "https://www.geeksforgeeks.org/bfs-using-vectors-queue-per-algorithm-clrs/",
    "Bidirectional Search": "https://www.geeksforgeeks.org/bidirectional-search/",
    "Boggle (Find all possible words in a board of characters) | Set 1": "https://www.geeksforgeeks.org/boggle-find-possible-words-board-characters/",
    "Boggle | Set 2 (Using Trie)": "https://www.geeksforgeeks.org/boggle-set-2-using-trie/",
    "Boruvka's algorithm for Minimum Spanning Tree": "https://www.geeksforgeeks.org/g-fact-83/",
    "Boruvka's algorithm | Greedy Algo-9": "https://www.geeksforgeeks.org/boruvkas-algorithm-greedy-algo-9/",
    "Breadth First Search or BFS for a Graph": "https://www.geeksforgeeks.org/breadth-first-search-or-bfs-for-a-graph/",
    "Calculate number of nodes between two vertices in an acyclic Graph by Disjoint Union method": "https://www.geeksforgeeks.org/number-nodes-two-vertices-acyclic-graph-disjoint-union-method/",
    "Check for star graph": "https://www.geeksforgeeks.org/check-star-graph/",
    "Check if a given directed graph is strongly connected | Set 2 (Kosaraju using BFS)": "https://www.geeksforgeeks.org/check-given-directed-graph-strongly-connected-set-2-kosaraju-using-bfs/",
    "Check if a given graph is Bipartite using DFS": "https://www.geeksforgeeks.org/check-if-a-given-graph-is-bipartite-using-dfs/",
    "Check if a given graph is tree or not": "https://www.geeksforgeeks.org/check-given-graph-tree/",
    "Check if a graph is strongly connected | Set 1 (Kosaraju using DFS)": "https://www.geeksforgeeks.org/connectivity-in-a-directed-graph/",
    "Check if a graphs has a cycle of odd length": "https://www.geeksforgeeks.org/check-graphs-cycle-odd-length/",
    "Check if removing a given edge disconnects a graph": "https://www.geeksforgeeks.org/check-removing-given-edge-disconnects-given-graph/",
    "Check if the given permutation is a valid DFS of graph": "https://www.geeksforgeeks.org/check-given-permutation-valid-dfs-graph/",
    "Check if there is a cycle with odd weight sum in an undirected graph": "https://www.geeksforgeeks.org/check-if-there-is-a-cycle-with-odd-weight-sum-in-an-undirected-graph/",
    "Check if two nodes are on same path in a tree": "https://www.geeksforgeeks.org/check-if-two-nodes-are-on-same-path-in-a-tree/",
    "Check loop in array according to given constraints": "https://www.geeksforgeeks.org/check-loop-array-according-given-constraints/",
    "Check whether given degrees of vertices represent a Graph or Tree": "https://www.geeksforgeeks.org/check-whether-given-degrees-vertices-represent-graph-tree/",
    "Chinese Postman or Route Inspection | Set 1 (introduction)": "https://www.geeksforgeeks.org/chinese-postman-route-inspection-set-1-introduction/",
    "Clone a Directed Acyclic Graph": "https://www.geeksforgeeks.org/clone-directed-acyclic-graph/",
    "Clone an Undirected Graph": "https://www.geeksforgeeks.org/clone-an-undirected-graph/",
    "Clustering Coefficient in Graph Theory": "https://www.geeksforgeeks.org/clustering-coefficient-graph-theory/",
    "Comparison of Dijkstra's and Floyd-Warshall algorithms": "https://www.geeksforgeeks.org/comparison-dijkstras-floyd-warshall-algorithms/",
    "Computer Networks | Cuts and Network Flow": "https://www.geeksforgeeks.org/cuts-network-flow/",
    "Connected  Components in an undirected graph": "https://www.geeksforgeeks.org/connected-components-in-an-undirected-graph/",
    "Construct a graph from given degrees of all vertices": "https://www.geeksforgeeks.org/construct-graph-given-degrees-vertices/",
    "Construct binary palindrome by repeated appending and trimming": "https://www.geeksforgeeks.org/construct-binary-palindrome-by-repeated-appending-and-trimming/",
    "Count all possible paths between two vertices": "https://www.geeksforgeeks.org/count-possible-paths-two-vertices/",
    "Count nodes within K-distance from all nodes in a set": "https://www.geeksforgeeks.org/count-nodes-within-k-distance-from-all-nodes-in-a-set/",
    "Count number of edges in an undirected graph": "https://www.geeksforgeeks.org/count-number-edges-undirected-graph/",
    "Count number of trees in a forest": "https://www.geeksforgeeks.org/count-number-trees-forest/",
    "Count single node isolated sub-graphs in a disconnected graph": "https://www.geeksforgeeks.org/count-single-node-isolated-sub-graphs-disconnected-graph/",
    "Count the number of nodes at given level in a tree using BFS.": "https://www.geeksforgeeks.org/count-number-nodes-given-level-using-bfs/",
    "Count the number of non-reachable nodes": "https://www.geeksforgeeks.org/count-number-non-reachable-nodes/",
    "Cycles of length n in an undirected and connected graph": "https://www.geeksforgeeks.org/cycles-of-length-n-in-an-undirected-and-connected-graph/",
    "Degree Centrality (Centrality Measure)": "https://www.geeksforgeeks.org/degree-centrality-centrality-measure/",
    "Delete Edge to minimize subtree sum difference": "https://www.geeksforgeeks.org/delete-edge-minimize-subtree-sum-difference/",
    "Depth First Search or DFS for a Graph": "https://www.geeksforgeeks.org/depth-first-search-or-dfs-for-a-graph/",
    "Detect a negative cycle in a Graph | (Bellman Ford)": "https://www.geeksforgeeks.org/detect-negative-cycle-graph-bellman-ford/",
    "Detect Cycle in a directed graph using colors": "https://www.geeksforgeeks.org/detect-cycle-direct-graph-using-colors/",
    "Detect cycle in an undirected graph using BFS": "https://www.geeksforgeeks.org/detect-cycle-in-an-undirected-graph-using-bfs/",
    "Detect cycle in an undirected graph": "https://www.geeksforgeeks.org/detect-cycle-undirected-graph/",
    "Detecting negative cycle using Floyd Warshall": "https://www.geeksforgeeks.org/detecting-negative-cycle-using-floyd-warshall/",
    "Determine whether a universal sink exists in a directed graph": "https://www.geeksforgeeks.org/determine-whether-universal-sink-exists-directed-graph/",
    "DFS for a n-ary tree (acyclic graph) represented as adjacency list": "https://www.geeksforgeeks.org/dfs-n-ary-tree-acyclic-graph-represented-adjacency-list/",
    "Dial's Algorithm (Optimized Dijkstra for small range weights)": "https://www.geeksforgeeks.org/dials-algorithm-optimized-dijkstra-for-small-range-weights/",
    "Dijkstra's Algorithm for Adjacency List Representation | Greedy Algo-8": "https://www.geeksforgeeks.org/dijkstras-algorithm-for-adjacency-list-representation-greedy-algo-8/",
    "Dijkstra's Shortest Path Algorithm using priority_queue of STL": "https://www.geeksforgeeks.org/dijkstras-shortest-path-algorithm-using-priority_queue-stl/",
    "Dijkstra's shortest path algorithm using set in STL": "https://www.geeksforgeeks.org/dijkstras-shortest-path-algorithm-using-set-in-stl/",
    "Dijkstra's shortest path algorithm | Greedy Algo-7": "https://www.geeksforgeeks.org/dijkstras-shortest-path-algorithm-greedy-algo-7/",
    "Dinic's algorithm for Maximum Flow": "https://www.geeksforgeeks.org/dinics-algorithm-maximum-flow/",
    "Disjoint Set (Or Union-Find) | Set 1 (Detect Cycle in an Undirected Graph)": "https://www.geeksforgeeks.org/union-find/",
    "Distance of nearest cell having 1 in a binary matrix": "https://www.geeksforgeeks.org/distance-nearest-cell-1-binary-matrix/",
    "Dominant Set of a Graph": "https://www.geeksforgeeks.org/dominant-set-of-a-graph/",
    "Dynamic Connectivity | Set 1 (Incremental)": "https://www.geeksforgeeks.org/dynamic-connectivity-set-1-incremental/",
    "Erdos Renyl Model (for generating Random Graphs)": "https://www.geeksforgeeks.org/erdos-renyl-model-generating-random-graphs/",
    "Eulerian path and circuit for undirected graph": "https://www.geeksforgeeks.org/eulerian-path-and-circuit/",
    "Eulerian Path in undirected graph": "https://www.geeksforgeeks.org/eulerian-path-undirected-graph/",
    "Fibonacci Cube Graph": "https://www.geeksforgeeks.org/fibonacci-cube-graph/",
    "Find a Mother Vertex in a Graph": "https://www.geeksforgeeks.org/find-a-mother-vertex-in-a-graph/",
    "Find all reachable nodes from every node present in a given set": "https://www.geeksforgeeks.org/find-all-reachable-nodes-from-every-node-present-in-a-given-set/",
    "Find alphabetical order such that words can be considered sorted": "https://www.geeksforgeeks.org/find-alphabetical-order-such-that-words-can-be-considered-sorted/",
    "Find if an array of strings can be chained to form a circle | Set 1": "https://www.geeksforgeeks.org/given-array-strings-find-strings-can-chained-form-circle/",
    "Find if an array of strings can be chained to form a circle | Set 2": "https://www.geeksforgeeks.org/find-array-strings-can-chained-form-circle-set-2/",
    "Find if there is a path of more than k length from a source": "https://www.geeksforgeeks.org/find-if-there-is-a-path-of-more-than-k-length-from-a-source/",
    "Find k-cores of an undirected graph": "https://www.geeksforgeeks.org/find-k-cores-graph/",
    "Find length of the largest region in Boolean Matrix": "https://www.geeksforgeeks.org/find-length-largest-region-boolean-matrix/",
    "Find minimum weight cycle in an undirected  graph": "https://www.geeksforgeeks.org/find-minimum-weight-cycle-undirected-graph/",
    "Find Shortest distance from a guard in a Bank": "https://www.geeksforgeeks.org/find-shortest-distance-guard-bank/",
    "Find the Degree of a Particular vertex in a Graph": "https://www.geeksforgeeks.org/find-degree-particular-vertex-graph/",
    "Find the minimum number of moves needed to move from one cell of matrix to another": "https://www.geeksforgeeks.org/find-minimum-numbers-moves-needed-move-one-cell-matrix-another/",
    "Find the number of islands | Set 1 (Using DFS)": "https://www.geeksforgeeks.org/find-number-of-islands/",
    "Find the number of Islands | Set 2 (Using Disjoint Set)": "https://www.geeksforgeeks.org/find-the-number-of-islands-set-2-using-disjoint-set/",
    "Find the smallest binary digit multiple of given number": "https://www.geeksforgeeks.org/find-the-smallest-binary-digit-multiple-of-given-number/",
    "Find whether there is path between two cells in matrix": "https://www.geeksforgeeks.org/find-whether-path-two-cells-matrix/",
    "Finding minimum vertex cover size of a graph using binary search": "https://www.geeksforgeeks.org/finding-minimum-vertex-cover-graph-using-binary-search/",
    "Flood fill Algorithm - how to implement fill() in paint?": "https://www.geeksforgeeks.org/flood-fill-algorithm-implement-fill-paint/",
    "Floyd Warshall Algorithm | DP-16": "https://www.geeksforgeeks.org/floyd-warshall-algorithm-dp-16/",
    "Generate a graph using Dictionary in Python": "https://www.geeksforgeeks.org/generate-graph-using-dictionary-python/",
    "Given a matrix of 'O' and 'X',  replace 'O' with 'X' if surrounded by 'X'": "https://www.geeksforgeeks.org/given-matrix-o-x-replace-o-x-surrounded-x/",
    "Graph Coloring | Set 1 (Introduction and Applications)": "https://www.geeksforgeeks.org/graph-coloring-applications/",
    "Graph Coloring | Set 2 (Greedy Algorithm)": "https://www.geeksforgeeks.org/graph-coloring-set-2-greedy-algorithm/",
    "Graph implementation using STL for competitive programming | Set 1 (DFS of Unweighted and Undirected)": "https://www.geeksforgeeks.org/graph-implementation-using-stl-for-competitive-programming-set-1-dfs-of-unweighted-and-undirected/",
    "Graph implementation using STL for competitive programming | Set 2 (Weighted graph)": "https://www.geeksforgeeks.org/graph-implementation-using-stl-for-competitive-programming-set-2-weighted-graph/",
    "Graph representations using set and hash": "https://www.geeksforgeeks.org/graph-representations-using-set-hash/",
    "Hamiltonian Cycle | Backtracking-6": "https://www.geeksforgeeks.org/hamiltonian-cycle-backtracking-6/",
    "Height of a generic tree from parent array": "https://www.geeksforgeeks.org/height-generic-tree-parent-array/",
    "Hierholzer's Algorithm for directed graph": "https://www.geeksforgeeks.org/hierholzers-algorithm-directed-graph/",
    "Hopcroft-Karp Algorithm for Maximum Matching | Set 1 (Introduction)": "https://www.geeksforgeeks.org/hopcroft-karp-algorithm-for-maximum-matching-set-1-introduction/",
    "Hungarian Algorithm for Assignment Problem | Set 1 (Introduction)": "https://www.geeksforgeeks.org/hungarian-algorithm-assignment-problem-set-1-introduction/",
    "Hypercube Graph": "https://www.geeksforgeeks.org/hypercube-graph/",
    "Implementation of Graph in JavaScript": "https://www.geeksforgeeks.org/implementation-graph-javascript/",
    "Iterative Deepening Search(IDS) or Iterative Deepening Depth First Search(IDDFS)": "https://www.geeksforgeeks.org/iterative-deepening-searchids-iterative-deepening-depth-first-searchiddfs/",
    "Java Program for Dijkstra's Algorithm with Path Printing": "https://www.geeksforgeeks.org/java-program-for-dijkstras-algorithm-with-path-printing/",
    "k'th heaviest adjacent node in a graph where each vertex has weight": "https://www.geeksforgeeks.org/kth-adjacent-node-graph-vertex-weight/",
    "Kahn's algorithm for Topological Sorting": "https://www.geeksforgeeks.org/topological-sorting-indegree-based-solution/",
    "Karger's algorithm for Minimum Cut | Set 1 (Introduction and Implementation)": "https://www.geeksforgeeks.org/kargers-algorithm-for-minimum-cut-set-1-introduction-and-implementation/",
    "Karp's minimum mean (or average) weight cycle algorithm": "https://www.geeksforgeeks.org/karps-minimum-mean-average-weight-cycle-algorithm/",
    "Katz Centrality (Centrality Measure)": "https://www.geeksforgeeks.org/katz-centrality-centrality-measure/",
    "Kruskal's Algorithm (Simple Implementation for Adjacency Matrix)": "https://www.geeksforgeeks.org/kruskals-algorithm-simple-implementation-for-adjacency-matrix/",
    "Kruskal's Minimum Spanning Tree Algorithm | Greedy Algo-2": "https://www.geeksforgeeks.org/kruskals-minimum-spanning-tree-algorithm-greedy-algo-2/",
    "Kruskal's Minimum Spanning Tree using STL in C++": "https://www.geeksforgeeks.org/kruskals-minimum-spanning-tree-using-stl-in-c/",
    "Largest connected component on a grid": "https://www.geeksforgeeks.org/largest-connected-component-on-a-grid/",
    "Largest subset of Graph vertices with edges of 2 or more colors": "https://www.geeksforgeeks.org/largest-subset-graph-vertices-edges-2-colors/",
    "Level Ancestor Problem": "https://www.geeksforgeeks.org/level-ancestor-problem/",
    "Level of Each node in a Tree from source node (using BFS)": "https://www.geeksforgeeks.org/level-node-tree-source-node-using-bfs/",
    "Longest path between any pair of vertices": "https://www.geeksforgeeks.org/longest-path-between-any-pair-of-vertices/",
    "Longest Path in a Directed Acyclic Graph | Set 2": "https://www.geeksforgeeks.org/longest-path-directed-acyclic-graph-set-2/",
    "m Coloring Problem | Backtracking-5": "https://www.geeksforgeeks.org/m-coloring-problem-backtracking-5/",
    "Magical Indices in an array": "https://www.geeksforgeeks.org/magical-indices-array/",
    "Mathematics | Graph theory practice questions": "https://www.geeksforgeeks.org/graph-theory-practice-questions/",
    "Max Flow Problem Introduction": "https://www.geeksforgeeks.org/max-flow-problem-introduction/",
    "Maximum edges that can be added to DAG so that is remains DAG": "https://www.geeksforgeeks.org/maximum-edges-can-added-dag-remains-dag/",
    "Maximum number of edges to be added to a tree so that it stays a Bipartite graph": "https://www.geeksforgeeks.org/maximum-number-edges-added-tree-stays-bipartite-graph/",
    "Maximum product of two non-intersecting paths in a tree": "https://www.geeksforgeeks.org/maximum-product-of-two-non-intersecting-paths-in-a-tree/",
    "Minimize the number of weakly connected nodes": "https://www.geeksforgeeks.org/convert-undirected-graph-directed-graph-minimize-disconnected-component/",
    "Minimum cost path from source node to destination node via an intermediate node": "https://www.geeksforgeeks.org/minimum-cost-path-from-source-node-to-destination-node-via-an-intermediate-node/",
    "Minimum Cost Path with Left, Right, Bottom and Up moves allowed": "https://www.geeksforgeeks.org/minimum-cost-path-left-right-bottom-moves-allowed/",
    "Minimum cost to connect all cities": "https://www.geeksforgeeks.org/minimum-cost-connect-cities/",
    "Minimum cost to connect weighted nodes represented as array": "https://www.geeksforgeeks.org/minimum-cost-connect-weighted-nodes-represented-array/",
    "Minimum edge reversals to make a root": "https://www.geeksforgeeks.org/minimum-edge-reversals-to-make-a-root/",
    "Minimum edges required to add to make Euler Circuit": "https://www.geeksforgeeks.org/minimum-edges-required-to-add-to-make-euler-circuit/",
    "Minimum edges to reverse to make path from a source to a destination": "https://www.geeksforgeeks.org/minimum-edges-reverse-make-path-source-destination/",
    "Minimum initial vertices to traverse whole matrix with given conditions": "https://www.geeksforgeeks.org/minimum-initial-vertices-traverse-whole-matrix-given-conditions/",
    "Minimum number of edges between two vertices of a Graph": "https://www.geeksforgeeks.org/minimum-number-of-edges-between-two-vertices-of-a-graph/",
    "Minimum number of operation required to convert number x into y": "https://www.geeksforgeeks.org/minimum-number-operation-required-convert-number-x-y/",
    "Minimum number of swaps required to sort an array": "https://www.geeksforgeeks.org/minimum-number-swaps-required-sort-array/",
    "Minimum Product Spanning Tree": "https://www.geeksforgeeks.org/minimum-product-spanning-tree/",
    "Minimum steps to reach a destination": "https://www.geeksforgeeks.org/minimum-steps-to-reach-a-destination/",
    "Minimum steps to reach end of array under constraints": "https://www.geeksforgeeks.org/minimum-steps-reach-end-array-constraints/",
    "Minimum steps to reach target by a Knight | Set 1": "https://www.geeksforgeeks.org/minimum-steps-reach-target-knight/",
    "Move weighting scale alternate under given constraints": "https://www.geeksforgeeks.org/move-weighting-scale-alternate-given-constraints/",
    "Multi Source Shortest Path in Unweighted Graph": "https://www.geeksforgeeks.org/multi-source-shortest-path-in-unweighted-graph/",
    "Multistage Graph (Shortest Path)": "https://www.geeksforgeeks.org/multistage-graph-shortest-path/",
    "NetworkX : Python software package for study of complex networks": "https://www.geeksforgeeks.org/networkx-python-software-package-study-complex-networks/",
    "Number of cyclic elements in an array where we can jump according to value": "https://www.geeksforgeeks.org/number-of-cyclic-elements-in-an-array-where-we-can-jump-according-to-value/",
    "Number of groups formed in a graph of friends": "https://www.geeksforgeeks.org/number-groups-formed-graph-friends/",
    "Number of loops of size k starting from a specific node": "https://www.geeksforgeeks.org/number-ways-node-make-loop-size-k-undirected-complete-connected-graph-n-nodes/",
    "Number of pair of positions in matrix which are not accessible": "https://www.geeksforgeeks.org/number-pair-positions-matrix-not-accessible/",
    "Number of shortest paths in an unweighted and directed graph": "https://www.geeksforgeeks.org/number-shortest-paths-unweighted-directed-graph/",
    "Number of single cycle components in an undirected graph": "https://www.geeksforgeeks.org/number-of-simple-cyclic-components-in-an-undirected-graph/",
    "Number of sink nodes in a graph": "https://www.geeksforgeeks.org/number-sink-nodes-graph/",
    "Number of Transpositions in a Permutation": "https://www.geeksforgeeks.org/number-of-transpositions-in-a-permutation/",
    "Number of Triangles in an Undirected Graph": "https://www.geeksforgeeks.org/number-of-triangles-in-a-undirected-graph/",
    "Number of Triangles in Directed and Undirected Graphs": "https://www.geeksforgeeks.org/number-of-triangles-in-directed-and-undirected-graphs/",
    "Number of Unicolored Paths between two nodes": "https://www.geeksforgeeks.org/number-unicolored-paths-two-nodes/",
    "Path in a Rectangle with Circles": "https://www.geeksforgeeks.org/path-rectangle-containing-circles/",
    "Paths to travel each nodes using each edge (Seven Bridges of K\u00f6nigsberg)": "https://www.geeksforgeeks.org/paths-travel-nodes-using-edgeseven-bridges-konigsberg/",
    "Permutation of numbers such that sum of two consecutive numbers is a perfect square": "https://www.geeksforgeeks.org/permutation-numbers-sum-two-consecutive-numbers-perfect-square/",
    "Prim's Algorithm (Simple Implementation for Adjacency Matrix Representation)": "https://www.geeksforgeeks.org/prims-algorithm-simple-implementation-for-adjacency-matrix-representation/",
    "Prim's algorithm using priority_queue in STL": "https://www.geeksforgeeks.org/prims-algorithm-using-priority_queue-stl/",
    "Prim's Minimum Spanning Tree (MST) | Greedy Algo-5": "https://www.geeksforgeeks.org/prims-minimum-spanning-tree-mst-greedy-algo-5/",
    "Prim's MST for Adjacency List Representation | Greedy Algo-6": "https://www.geeksforgeeks.org/prims-mst-for-adjacency-list-representation-greedy-algo-6/",
    "Print all paths from a given source to a destination using BFS": "https://www.geeksforgeeks.org/print-paths-given-source-destination-using-bfs/",
    "Print all the cycles in an undirected graph": "https://www.geeksforgeeks.org/print-all-the-cycles-in-an-undirected-graph/",
    "Print the DFS traversal step-wise (Backtracking also)": "https://www.geeksforgeeks.org/print-the-dfs-traversal-step-wise-backtracking-also/",
    "Printing Paths in Dijkstra's Shortest Path Algorithm": "https://www.geeksforgeeks.org/printing-paths-dijkstras-shortest-path-algorithm/",
    "Product of lengths of all cycles in an undirected graph": "https://www.geeksforgeeks.org/product-of-lengths-of-all-cycles-in-an-undirected-graph/",
    "Proof that Hamiltonian Path is NP-Complete": "https://www.geeksforgeeks.org/proof-hamiltonian-path-np-complete/",
    "Push Relabel Algorithm | Set 1 (Introduction and Illustration)": "https://www.geeksforgeeks.org/push-relabel-algorithm-set-1-introduction-and-illustration/",
    "Push Relabel Algorithm | Set 2 (Implementation)": "https://www.geeksforgeeks.org/push-relabel-algorithm-set-2-implementation/",
    "Remove all outgoing edges except edge with minimum weight": "https://www.geeksforgeeks.org/minimum-weighted-graph/",
    "Reverse Delete Algorithm for Minimum Spanning Tree": "https://www.geeksforgeeks.org/reverse-delete-algorithm-minimum-spanning-tree/",
    "Roots of a tree which give minimum height": "https://www.geeksforgeeks.org/roots-tree-gives-minimum-height/",
    "Shortest path in a Binary Maze": "https://www.geeksforgeeks.org/shortest-path-in-a-binary-maze/",
    "Shortest Path in a weighted Graph where weight of an edge is 1 or 2": "https://www.geeksforgeeks.org/shortest-path-weighted-graph-weight-edge-1-2/",
    "Shortest path in an unweighted graph": "https://www.geeksforgeeks.org/shortest-path-unweighted-graph/",
    "Shortest path to reach one prime to other by changing single digit at a time": "https://www.geeksforgeeks.org/shortest-path-reach-one-prime-changing-single-digit-time/",
    "Some interesting shortest path questions | Set 1": "https://www.geeksforgeeks.org/interesting-shortest-path-questions-set-1/",
    "Stepping Numbers": "https://www.geeksforgeeks.org/stepping-numbers/",
    "Subtree of all nodes in a tree using DFS": "https://www.geeksforgeeks.org/sub-tree-nodes-tree-using-dfs/",
    "Sum of dependencies in a graph": "https://www.geeksforgeeks.org/sum-dependencies-graph/",
    "Sum of the minimum elements in all connected components of an undirected graph": "https://www.geeksforgeeks.org/sum-of-the-minimum-elements-in-all-connected-components-of-an-undirected-graph/",
    "Topological Sort of a graph using departure time of vertex": "https://www.geeksforgeeks.org/topological-sorting-using-departure-time-of-vertex/",
    "Total number of Spanning Trees in a Graph": "https://www.geeksforgeeks.org/total-number-spanning-trees-graph/",
    "Transitive Closure of a Graph using DFS": "https://www.geeksforgeeks.org/transitive-closure-of-a-graph-using-dfs/",
    "Transpose graph": "https://www.geeksforgeeks.org/transpose-graph/",
    "Traveling Salesman Problem (TSP) Implementation": "https://www.geeksforgeeks.org/traveling-salesman-problem-tsp-implementation/",
    "Travelling Salesman Problem | Set 1 (Naive and Dynamic Programming)": "https://www.geeksforgeeks.org/travelling-salesman-problem-set-1/",
    "Travelling Salesman Problem | Set 2 (Approximate using MST)": "https://www.geeksforgeeks.org/travelling-salesman-problem-set-2-approximate-using-mst/",
    "Two Clique Problem (Check if Graph can be divided in two Cliques)": "https://www.geeksforgeeks.org/two-clique-problem-check-graph-can-divided-two-cliques/",
    "Undirected graph splitting and its application for number pairs": "https://www.geeksforgeeks.org/undirected-graph-splitting-and-its-application-for-number-pairs/",
    "Union-Find Algorithm |  (Union By Rank and  Find by Optimized Path Compression)": "https://www.geeksforgeeks.org/union-find-algorithm-union-rank-find-optimized-path-compression/",
    "Union-Find Algorithm | Set 2 (Union By Rank and Path Compression)": "https://www.geeksforgeeks.org/union-find-algorithm-set-2-union-by-rank/",
    "Water Connection Problem": "https://www.geeksforgeeks.org/water-connection-problem/",
    "Water Jug problem using BFS": "https://www.geeksforgeeks.org/water-jug-problem-using-bfs/",
    "Word Ladder (Length of shortest chain to reach a target word)": "https://www.geeksforgeeks.org/word-ladder-length-of-shortest-chain-to-reach-a-target-word/"
}