{
    "IBM Curam Health Java developer (2 years experienced)": "https://www.geeksforgeeks.org/ibm-curam-health-java-developer-2-years-experienced/",
    "IBM IRL | Set 1": "https://www.geeksforgeeks.org/ibm-irl-campus-interview-set-1/",
    "IBM ISDL  Interview Experience": "https://www.geeksforgeeks.org/ibm-isdl-interview-experience/",
    "IBM Interview Experience (On-Campus)": "https://www.geeksforgeeks.org/ibm-interview-experience-on-campus/",
    "IBM Interview Experience | Set 2 (On Campus)": "https://www.geeksforgeeks.org/ibm-interview-experience-set-2-campus/",
    "IBM Placement Drive Experience": "https://www.geeksforgeeks.org/ibm-placement-drive-experience/"
}