{
    "Payu": {
        "Payu Interview Experience | Set 5 (On-Campus)": "http://www.geeksforgeeks.org/payu-interview-experience-set-5-campus/",
        "PayU Interview Experience | Set 4  (For Fresher)": "http://www.geeksforgeeks.org/payu-interview-experience-set-4-fresher/",
        "Payu Interview Experience | Set 3 (On-Campus)": "http://www.geeksforgeeks.org/payu-interview-experience-set-3-campus/",
        "One Payu Interview Experience": "http://www.geeksforgeeks.org/one-payu-interview-experience/",
        "Payu Iinterview (On-Campus)": "http://www.geeksforgeeks.org/payu-iinterview-on-campus/"
    },
    "Adobe": {
        "Adobe Interview for MTS-1 (1.5 Years Experience)": "http://www.geeksforgeeks.org/adobe-interview-experience-mts-1-1-5-years-experience/",
        "Set 01": "http://www.geeksforgeeks.org/adobe-interview-questions-set-1/",
        "Set 02": "http://www.geeksforgeeks.org/adobe-interview-set-1/",
        "Set 03": "http://www.geeksforgeeks.org/adobe-testing-experience/",
        "Set 04": "http://www.geeksforgeeks.org/adobe-interview-set-4/",
        "Set 05": "http://www.geeksforgeeks.org/adobe-interview-experience/",
        "Set 06 (On-campus for MTS-1)": "http://www.geeksforgeeks.org/adobe-interview-set-6-campus-mts-1/",
        "Set 07 (On-campus for MTS-1)": "http://www.geeksforgeeks.org/adobe-interview-set-7-campus-mts-1/",
        "Set 08 (Off-Campus)": "http://www.geeksforgeeks.org/adobe-interview-set-8-off-campus/",
        "Set 09": "http://www.geeksforgeeks.org/adobe-interview-set-9/",
        "Set 10 (Software Engineer)": "http://www.geeksforgeeks.org/adobe-interview-set-10-software-engineer/",
        "Set 11 (On-Campus)": "http://www.geeksforgeeks.org/adobe-interview-set-11-campus/",
        "Set 12 (On Campus for MTS-1)": "http://www.geeksforgeeks.org/adobe-interview-set-12-campus-mts-1/",
        "Set 13 (On Campus for Internship)": "http://www.geeksforgeeks.org/adobe-interview-set-13-campus-internship/",
        "Set 14 (On Campus for Full Time)": "http://www.geeksforgeeks.org/adobe-interview-set-14-campus-full-time/",
        "Set 15 (For MTS-1)": "http://www.geeksforgeeks.org/adobe-interview-set-15-mts-1/",
        "Set 16 (For MTS-1)": "http://www.geeksforgeeks.org/adobe-interview-set-16-mts-1/",
        "Set 17 (For MTS-1)": "http://www.geeksforgeeks.org/adobe-interview-set-17-mts-1/",
        "Set 18 (For WBT Profile)": "http://www.geeksforgeeks.org/adobe-interview-experience-set-18-wbt-profile/",
        "Set 19 (For MTS)": "http://www.geeksforgeeks.org/adobe-interview-experience-set-19-mts/",
        "Set 21 for Software Engineer (Fresher)": "http://www.geeksforgeeks.org/adobe-interview-experience-set-21-for-software-engineer-fresher/",
        "Set 22 (On-Campus)": "http://www.geeksforgeeks.org/adobe-interview-experience-set-22-on-campus/",
        "Set 23 (1 Year Experienced)": "http://www.geeksforgeeks.org/adobe-interview-experience-set-23-1-year-experienced/",
        "Set 24 (On-Campus for MTS)": "http://www.geeksforgeeks.org/adobe-interview-experience-set-24-on-campus-for-mts/",
        "Set 25 (On-Campus for MTS-1)": "http://www.geeksforgeeks.org/adobe-interview-experience-set-25-on-campus-for-mts-1/",
        "Set 26 (On-Campus for MTS-1)": "http://www.geeksforgeeks.org/adobe-interview-experience-set-26-on-campus-for-mts-1/",
        "Set 27 (On-Campus for Internship)": "http://www.geeksforgeeks.org/adobe-interview-experience-set-27-on-campus-for-internship/",
        "Set 28 (For MTS-2)": "http://www.geeksforgeeks.org/adobe-interview-experience-set-28-for-mts-2/",
        "Set 29 ( Off-Campus)": "http://www.geeksforgeeks.org/adobe-interview-experience-set-29-off-campus/",
        "Set 30  (Off-Campus For Member Technical Staff)": "http://www.geeksforgeeks.org/adobe-interview-experience-set-30-off-campus-for-member-technical-staff/",
        "Set 31": "http://www.geeksforgeeks.org/adobe-interview-experience-set-31/",
        "Set 32 (For MTS-1)": "http://www.geeksforgeeks.org/adobe-interview-experience-set-32-for-mts-1/"
    },
    "Amazon": {
        "Set 233  (1 Year Experienced for SDE-1)": "http://www.geeksforgeeks.org/amazon-interview-experience-set-233-1-year-experienced-for-sde-1/",
        "Set 232 (SDE-1 for 1 Year Experienced)": "http://www.geeksforgeeks.org/amazon-interview-experience-set-232-sde-1-for-1-year-experienced/",
        "Set 231 (On-Campus)": "http://www.geeksforgeeks.org/amazon-interview-experience-set-231-on-campus/",
        "Set 230  (On-Campus For SDE)": "http://www.geeksforgeeks.org/amazon-interview-experience-set-230-on-campus-for-sde/",
        "Set 229 (On-Campus for SDE)": "http://www.geeksforgeeks.org/amazon-interview-experience-set-229-on-campus-for-sde/",
        "Set 228 (On-Campus for Internship)": "http://www.geeksforgeeks.org/amazon-interview-experience-set-228-on-campus-for-internship/",
        "Set 227 (On-Campus for Internship and Full-Time)": "http://www.geeksforgeeks.org/amazon-interview-experience-set-227-on-campus-for-internship-and-full-time/",
        "Set 226 (On-Campus for SDE-1)": "http://www.geeksforgeeks.org/amazon-interview-experience-set-226-on-campus/",
        "Set 225 (For 1 Year Experienced)": "http://www.geeksforgeeks.org/amazon-interview-experience-set-225-for-1-year-experienced/",
        "Set 224": "http://www.geeksforgeeks.org/amazon-interview-experience-set-224/",
        "Set 223 (On-Campus)": "http://www.geeksforgeeks.org/amazon-interview-experience-set-223-on-campus/",
        "Set 222": "http://www.geeksforgeeks.org/amazon-interview-experience-set-222/",
        "Set 221": "http://www.geeksforgeeks.org/amazon-interview-experience-set-221/",
        "220 (On-Campus)": "http://www.geeksforgeeks.org/amazon-interview-experience-220-on-campus/",
        "219 (On-Campus)": "http://www.geeksforgeeks.org/amazon-interview-experience-219-on-campus/",
        "218 (On-Campus)": "http://www.geeksforgeeks.org/amazon-interview-experience-218-on-campus/",
        "217 (On-Campus)": "http://www.geeksforgeeks.org/amazon-interview-experience-217-on-campus/",
        "216 (On-Campus for Internship)": "http://www.geeksforgeeks.org/amazon-interview-experience-216-on-campus-for-internship/",
        "215 (On-Campus for Internship)": "http://www.geeksforgeeks.org/amazon-interview-experience-215-on-campus-for-internship/",
        "214 (On-Campus)": "http://www.geeksforgeeks.org/amazon-interview-experience-214-on-campus/"
    },
    "Flipkart": {
        "Set 37 (On-Campus for SDE 1)": "http://www.geeksforgeeks.org/flipkart-interview-experience-set-37-on-campus-for-sde-1/",
        "Set 36 (On-Campus for SDE 1)": "http://www.geeksforgeeks.org/flipkart-interview-experience-set-36-on-campus-for-sde-1/",
        "Set 35 (On-Campus for SDE 1)": "http://www.geeksforgeeks.org/flipkart-interview-experience-set-35-on-campus-for-sde-1/",
        "Set 34 (On-Campus for SDE-1)": "http://www.geeksforgeeks.org/flipkart-interview-experience-set-34-on-campus-for-sde-1/",
        "Set 33 (For SDE-1)": "http://www.geeksforgeeks.org/flipkart-interview-experience-set-33-for-sde-1/",
        "Set 32 (For SDE-1)": "http://www.geeksforgeeks.org/flipkart-interview-experience-set-32-for-sde-1/",
        "Set 31 (For Fresher)": "http://www.geeksforgeeks.org/flipkart-interview-experience-set-31-for-fresher/",
        "Set 30(For SDE 2)": "http://www.geeksforgeeks.org/flipkart-interview-experience-set-30for-sde-2/",
        "Set 29": "http://www.geeksforgeeks.org/flipkart-interview-experience-set-29/",
        "Set 28 (For SDE2)": "http://www.geeksforgeeks.org/flipkart-interview-experience-set-28-for-sde2/",
        "Set 27 (For SDE)": "http://www.geeksforgeeks.org/flipkart-interview-experience-set-27-for-sde/",
        "Set 26": "http://www.geeksforgeeks.org/flipkart-interview-experience-set-26/",
        "Set 25": "http://www.geeksforgeeks.org/flipkart-interview-experience-set-25/",
        "Set 24": "http://www.geeksforgeeks.org/flipkart-interview-experience-set-24/",
        "Set 23": "http://www.geeksforgeeks.org/flipkart-interview-experience-set-23/",
        "Set 22 (For SDE 2)": "http://www.geeksforgeeks.org/flipkart-interview-experience-set-22-for-sde-2/",
        "Set 21": "http://www.geeksforgeeks.org/flipkart-interview-experience-set-21/",
        "Set 20 (For SDE-II)": "http://www.geeksforgeeks.org/flipkart-interview-experience-set-20-for-sde-ii/",
        "Set 19 (For SDET)": "http://www.geeksforgeeks.org/flipkart-interview-experience-set-19-sdet/",
        "Set 18 (For SDE I)": "http://www.geeksforgeeks.org/flipkart-interview-experience-set-18-for-sde-i/"
    },
    "Google": {
        "Google (Mountain View) Interview": "http://www.geeksforgeeks.org/google-mountain-view-interview/",
        "Google Interview Experience for Technical Operations Specialist[Tools Team] Adwords, Hyderabad, India": "http://www.geeksforgeeks.org/google-interview-experience-for-the-post-of-technical-operations-specialisttools-team-adwords-hyderabadindia/",
        "Google Interview Experience": "http://www.geeksforgeeks.org/google-interview-experience/",
        "Google Interview Question for Java Position": "http://www.geeksforgeeks.org/google-interview-question-for-java-position/",
        "Google Placement Questions": "http://www.geeksforgeeks.org/google-placement-paper/",
        "Minimum number of swaps required for arranging pairs adjacent to each other": "http://www.geeksforgeeks.org/minimum-number-of-swaps-required-for-arranging-pairs-adjacent-to-each-other/",
        "Sum of bit differences among all pairs": "http://www.geeksforgeeks.org/sum-of-bit-differences-among-all-pairs/",
        "[TopTalent.in]  Top College: No, Top Talent: Yes ; Anudeep cracks Google": "http://www.geeksforgeeks.org/top-college-top-talent-yes-anudeep-cracks-google-1-44cr-package/",
        "[TopTalent.in] \u201cIt\u2019s the best feeling of my life\u201d says Krunal after cracking Google, Mountain View": "http://www.geeksforgeeks.org/toptalent-best-feeling-life-says-krunal-cracking-google-mountain-view/",
        "[TopTalent.in] Exclusive Interview with Ravi Kiran from BITS, Pilani who got placed in Google, Microsoft and Facebook": "http://www.geeksforgeeks.org/toptalent-in-exclusive-interview-with-ravi-kiran-from-bits-pilani-who-got-placed-in-google-microsoft-and-facebook/",
        "[TopTalent.in] Google, Facebook, Amazon, Walmart & PocketGems, All Fighting For Prasoon Mishra": "http://www.geeksforgeeks.org/google-facebook-amazon-walmart-pocketgems-all-fighting-for-prasoon-mishra/",
        "[TopTalent.in] Interview With Divanshu Who Got Into Google, Mountain View": "http://www.geeksforgeeks.org/toptalent-interview-divanshu-got-google-mountain-view/",
        "[TopTalent.in] Interview with Sujeet Gholap, placed in Microsoft, Google, Samsung, Goldman Sachs & Tower Research": "http://www.geeksforgeeks.org/toptalent-in-interview-with-sujeet-gholap-placed-in-microsoft-google-samsung-goldman-sachs-tower-research/",
        "[TopTalent.in] Rushabh Agrawal from BITS Pilani talks about his Google interview experience": "http://www.geeksforgeeks.org/toptalent-in-rushabh-agrawal-from-bits-pilani-talks-about-his-google-interview-experience/",
        "[TopTalent.in] What it takes to be a Googler? An Interview with Google\u2019s recent hire Romal Thoppilan": "http://www.geeksforgeeks.org/toptalent-takes-googler-interview-googles-recent-hire-romal-thoppilan/",
    },
    "Microsoft": {
        "Microsoft Interview Experience | Set 76 (On-Campus)": "http://www.geeksforgeeks.org/microsoft-interview-experience-set-76-on-campus/",
        "Microsoft Interview Question for Internship": "http://www.geeksforgeeks.org/microsoft-interview-question-for-internship/",
        "Microsoft Interview Experience | Set 75 (For SDE II)": "http://www.geeksforgeeks.org/microsoft-interview-experience-set-75-for-sde-ii/",
        "Microsoft Interview Experience | Set 74 (For Software Engineer in IT Team)": "http://www.geeksforgeeks.org/microsoft-interview-experience-set-74-for-software-engineer-in-it-team/",
        "Microsoft Interview experience | Set 73  (On-Campus for IT SDE Intern)": "http://www.geeksforgeeks.org/microsoft-interview-experience-set-73-on-campus-for-it-sde-intern/",
        "Microsoft Interview Experience | Set 72 (For Software Engineer)": "http://www.geeksforgeeks.org/microsoft-interview-experience-set-72-for-software-engineer/",
        "Microsoft Interview Experience | Set 71 (Off-Campus)": "http://www.geeksforgeeks.org/microsoft-interview-experience-set-71-off-campus/",
        "Print a pattern without using any loop": "http://www.geeksforgeeks.org/print-a-pattern-without-using-any-loop/",
        "Microsoft Interview Experience | Set 70 (On-Campus for IDC and IT)": "http://www.geeksforgeeks.org/microsoft-interview-experience-set-70-on-campus-for-idc-and-it/",
        "Microsoft IDC Interview Experience | Set 69 (For SDE)": "http://www.geeksforgeeks.org/microsoft-idc-interview-experience-set-69-for-sde/",
        "Microsoft IDC Interview Experience | Set 68 (For SDE)": "http://www.geeksforgeeks.org/microsoft-idc-interview-experience-set-68-off-campus-for-sde/",
        "Microsoft IDC Interview Experience | Set 67 (On-Campus for Internship)": "http://www.geeksforgeeks.org/microsoft-idc-interview-experience-set-67-on-campus-for-internship/",
        "Microsoft IDC Interview Experience | Set 66 (On-Campus for Internship)": "http://www.geeksforgeeks.org/microsoft-idc-interview-experience-set-66-on-campus-for-internship/",
        "Microsoft Interview Experience | Set 65 (On-Campus for Internship IT and IDC)": "http://www.geeksforgeeks.org/microsoft-interview-experience-set-65-on-campus-for-internship-it-and-idc/",
        "Microsoft Interview Experience | Set 64 (For SDE-2)": "http://www.geeksforgeeks.org/microsoft-interview-experience-set-64-for-sde-2/",
        "Microsoft Interview Experience | Set 63 (For Internship)": "http://www.geeksforgeeks.org/microsoft-interview-experience-set-63-for-internship/",
        "Microsoft Interview Experience | Set 62 (On-Campus for IDC)": "http://www.geeksforgeeks.org/microsoft-interview-experience-set-62-on-campus-for-idc/",
        "Microsoft Interview Experience | Set 61 (On-Campus for IDC)": "http://www.geeksforgeeks.org/microsoft-interview-experience-set-61-on-campus-for-idc/",
        "Microsoft Interview Experience | Set 60 (On-Campus for Internship)": "http://www.geeksforgeeks.org/microsoft-interview-experience-set-60-on-campus-for-internship/",
        "Microsoft Interview Experience | Set 59 (On-Campus)": "http://www.geeksforgeeks.org/microsoft-interview-experience-set-59-on-campus/"
    },
    "Snapdeal": {
        "Snapdeal Interview Experience | Set 14 (For Software Engineer)": "http://www.geeksforgeeks.org/snapdeal-interview-experience-set-14-for-software-engineer/",
        "Snapdeal Interview Experience | Set 14 (On-Campus for Software Engineer 1)": "http://www.geeksforgeeks.org/snapdeal-interview-experience-set-14-on-campus-for-software-engineer-1/",
        "Snapdeal Interview Experience | Set 13 (On-Campus for SDET)": "http://www.geeksforgeeks.org/snapdeal-interview-experience-set-13-on-campus-for-sdet/",
        "Snapdeal Interview Experience | Set 12 (For Senior Software Developer)": "http://www.geeksforgeeks.org/snapdeal-interview-experience-set-12-for-senior-software-developer/",
        "Snapdeal Interview Experience | Set 11 (On Campus)": "http://www.geeksforgeeks.org/snapdeal-interview-experience-set-11-campus/",
        "Snapdeal Interview Experience | Set 10 (On Campus)": "http://www.geeksforgeeks.org/snapdeal-interview-experience-set-10-campus/",
        "Snapdeal Interview Experience | Set 9 (On Campus)": "http://www.geeksforgeeks.org/snapdeal-interview-experience-set-9-campus/",
        "Snapdeal Interview Experience | Set 8 (On Campus)": "http://www.geeksforgeeks.org/snapdeal-interview-experience-set-8-on-campus/",
        "Snapdeal Interview Experience | Set 7 (On Campus)": "http://www.geeksforgeeks.org/snapdeal-interview-experience-set-7-campus/",
        "Snapdeal Interview Experience | Set 6 (On Campus)": "http://www.geeksforgeeks.org/snapdeal-interview-experience-set-6-campus/",
        "Snapdeal Interview Experience | Set 5 (On Campus)": "http://www.geeksforgeeks.org/snapdeal-interview-experience-set-5-campus/",
        "Snapdeal Interview Experience | Set 4 (On Campus)": "http://www.geeksforgeeks.org/snapdeal-interview-experience-set-4-campus/",
        "Snapdeal interview experience | Set 3": "http://www.geeksforgeeks.org/snapdeal-interview-experience-set-3/",
        "Snapdeal Interview Experience | Set 2 (For Software Engineer 2)": "http://www.geeksforgeeks.org/snapdeal-interview-experience-set-2-software-engineer-2/",
        "Snapdeal (Software) Interview Experience | Set 1 (On-Campus)": "http://www.geeksforgeeks.org/snapdeal-software-interview-experience-set-1-campus/",
        "Android Developer Interview at Headstrong and SnapDeal": "http://www.geeksforgeeks.org/android-developer-interview-headstrong-snapdea/"
    },
    "Zopper-Com": {
        "Zopper.com Interview Experience": "http://www.geeksforgeeks.org/zopper-com-interview-experience/"
    },
    "Yahoo": {
        "[TopTalent.in] Want to know how to get into Yahoo! ? Read our exclusive Interview with Prabha": "http://www.geeksforgeeks.org/toptalent-want-know-get-yahoo-read-exclusive-interview-prabha/",
        "Yahoo Interview | Set 3": "http://www.geeksforgeeks.org/yahoo-interview-set-3/",
        "Yahoo Interview | Set 2": "http://www.geeksforgeeks.org/yahoo-interview-set-2/",
        "Yahoo Interview | Set 1": "http://www.geeksforgeeks.org/yahoo-interview-set-1/"
    },
    "Cisco": {
        "Cisco Interview Experience | Set 9 (For Experienced)": "http://www.geeksforgeeks.org/cisco-interview-experience-set-9-experienced/",
        "Cisco Interview Experience |  Set 8 (On-Campus)": "http://www.geeksforgeeks.org/cisco-interview-experience-set-8on-campus/",
        "Cisco Interview | Set 7(On-Campus)": "http://www.geeksforgeeks.org/cisco-interview-set-7on-campus/",
        "Cisco Interview | Set 6": "http://www.geeksforgeeks.org/cisco-interview-set-6/",
        "Cisco Interview | Set 5": "http://www.geeksforgeeks.org/cisco-interview-set-5/",
        "Cisco Interview | Set 4": "http://www.geeksforgeeks.org/cisco-interview-set-4/",
        "Cisco Interview | Set 3": "http://www.geeksforgeeks.org/cisco-interview-set-3/",
        "Cisco Interview | Set 2": "http://www.geeksforgeeks.org/cisco-interview-set-2/",
        "Cisco Interview | Set 1": "http://www.geeksforgeeks.org/cisco-interview-set-1/"
    },
    "Facebook": {
        "[TopTalent.in] Exclusive Rapid Fire Interview with Deepali Who Got Into Facebook": "http://www.geeksforgeeks.org/toptalent-exclusive-rapid-fire-interview-deepali-got-facebook/",
        "Facebook Interview | Set 2 (On Campus for Internship)": "http://www.geeksforgeeks.org/facebook-interview-set-2-campus-interview-internship/",
        "Find all possible interpretations of an array of digits": "http://www.geeksforgeeks.org/find-all-possible-interpretations/",
        "[TopTalent.in] Google, Facebook, Amazon, Walmart & PocketGems, All Fighting For Prasoon Mishra": "http://www.geeksforgeeks.org/google-facebook-amazon-walmart-pocketgems-all-fighting-for-prasoon-mishra/",
        "[TopTalent.in] Exclusive Interview with Ravi Kiran from BITS, Pilani who got placed in Google, Microsoft and Facebook": "http://www.geeksforgeeks.org/toptalent-in-exclusive-interview-with-ravi-kiran-from-bits-pilani-who-got-placed-in-google-microsoft-and-facebook/",
        "Facebook Interview | Set 1": "http://www.geeksforgeeks.org/facebook-interview-set-1/"
    },
    "Yatra.Com": {
        "Yatra.com Interview Experience | Set 6": "http://www.geeksforgeeks.org/yatra-com-interview-experience-set-6/",
        "Yatra.com Interview Experience | Set 5 (For Software Developer 1)": "http://www.geeksforgeeks.org/yatra-com-interview-experience-set-5-for-software-developer-1/",
        "Yatra.com Interview Experience | Set 4": "http://www.geeksforgeeks.org/yatra-com-interview-experience-set-4/",
        "Interview Experience with Yatra(Hyderabad) | Set 3 (For Senior Software Engineer)": "http://www.geeksforgeeks.org/interview-experience-with-yatrahyderabad-set-3-for-senior-software-engineer/",
        "Yatra.com Interview | Set 2": "http://www.geeksforgeeks.org/yatra-com-interview-set-2/",
        "Yatra.com Interview | Set 1": "http://www.geeksforgeeks.org/yatra-com-interview-set-1/"
    },
    "Symantec": {
        "Symantec Interview | Set 2": "http://www.geeksforgeeks.org/symantec-interview-set-2/",
        "Symantec Interview | Set 1": "http://www.geeksforgeeks.org/symantec-interview-set-1/"
    },
    "Myntra": {
        "Myntra Interview Experience | Set 6 (On-Campus For Software Engineer)": "http://www.geeksforgeeks.org/myntra-interview-experience-set-6-on-campus-for-software-engineer/",
        "Myntra Interview Experience | Set 5": "http://www.geeksforgeeks.org/myntra-interview-experience-set-5/",
        "Myntra Interview Experience | Set 4 (For Senior Software Engineer )": "http://www.geeksforgeeks.org/myntra-interview-experience-set-4-for-senior-software-engineer/",
        "Myntra Interview Experience | Set 3 (On-Campus)": "http://www.geeksforgeeks.org/myntra-interview-experience-set-3-campus/",
        "Myntra Interview | Set 2 (For SDE-II)": "http://www.geeksforgeeks.org/myntra-interview-set-2-sde-ii/",
        "Myntra Interview  | Set 1": "http://www.geeksforgeeks.org/myntra-interview-set-1/"
    },
    "Groupon": {
        "Groupon Interview | Set 1 (SDE Profile \u2013 Fresher)": "http://www.geeksforgeeks.org/skype-interview-set-1/"
    },
    "Belzabar": {
        "Belzabar Software Interview Experience | Set 4": "http://www.geeksforgeeks.org/belzabar-software-interview-experience-set-4/",
        "Belzabar Software Interview Experience": "http://www.geeksforgeeks.org/belzabar-software-interview-experience/",
        "Belzabar interview experience for Computer Scientist": "http://www.geeksforgeeks.org/belzabar-interview-experience-computer-scientist/",
        "Belzabar Interview Computer Scientist Internship": "http://www.geeksforgeeks.org/belzabar-interview-computer-scientist-internship/"
    },
    "Paypal": {
        "PayPal interview experience | Set 3 (On-Campus for Internship)": "http://www.geeksforgeeks.org/paypal-interview-experience-set-3-on-campus-for-internship/",
        "Paypal Interview Experience | Set 2 (On-Campus for Full Time)": "http://www.geeksforgeeks.org/paypal-interview-experience-set-2-on-campus-for-full-time/",
        "Paypal Interview Experience | Set 1 (On-Campus)": "http://www.geeksforgeeks.org/paypal-interview-experience-set-1-on-campus/"
    },
    "Akosha": {
        "Akosha Interview Experience": "http://www.geeksforgeeks.org/akosha-interview-experience/"
    },
    "Linkedin": {
        "LinkedIn Interview Experience | Set 5 (On campus)": "http://www.geeksforgeeks.org/linkedin-interview-experience-set-5-campus/",
        "Linkedin Interview Experience | Set 4 (On-Campus)": "http://www.geeksforgeeks.org/linkedin-interview-experience-set-4-campus/",
        "Linkedin Interview Experience | Set 3 (On-Campus)": "http://www.geeksforgeeks.org/linkedin-interview-experience-set-3-campus/",
        "Linkedin Online Coding Questions for Campus Placement": "http://www.geeksforgeeks.org/linkedin-online-coding-questions-campus-placement/",
        "Linkedin Intership Interview for Software development Engineer": "http://www.geeksforgeeks.org/linkedin-intership-interview-software-development-engineer/"
    },
    "Browserstack": {
        "BrowserStack Interview | Set 7 (Online Coding Questions)": "http://www.geeksforgeeks.org/browserstack-interview-set-7-online-coding-questions/",
        "BrowserStack Interview Experience | Set 6 (On-Campus)": "http://www.geeksforgeeks.org/browserstack-interview-experience-set-6-fresher/",
        "BrowserStack Interview Experience | Set 5 (Fresher)": "http://www.geeksforgeeks.org/browserstack-interview-experience-set-5-fresher/",
        "BrowserStack On-Campus Placement Questions": "http://www.geeksforgeeks.org/browserstack-oncampus-placement-questions/",
        "BrowserStack Written Test | Set 3": "http://www.geeksforgeeks.org/browserstack-written-test-3/",
        "BrowserStack Placement Paper": "http://www.geeksforgeeks.org/browserstack-placement-paper/",
        "BrowserStack Written Round Experience": "http://www.geeksforgeeks.org/browserstack-written-round-experience/"
    },
    "Makemytrip": {
        "MakeMyTrip Interview Experience | Set 10 (On-Campus)": "http://www.geeksforgeeks.org/makemytrip-interview-experience-set-10-on-campus/",
        "MakeMyTrip Interview Experience | Set 9 (Off-Campus for Sr. Android developer))": "http://www.geeksforgeeks.org/makemytrip-interview-experience-set-9-off-campus-for-sr-android-developer/",
        "MakeMyTrip Interview Experience | Set 8 (On-Campus)": "http://www.geeksforgeeks.org/makemytrip-interview-experience-set-8-on-campus/",
        "MakeMyTrip Interview Experience | Set 7 (On-Campus)": "http://www.geeksforgeeks.org/makemytrip-interview-experience-set-7-on-campus/",
        "MakeMyTrip Interview Experience | Set 6 (Online Coding)": "http://www.geeksforgeeks.org/makemytrip-interview-experience-set-6-online-coding/",
        "MakeMyTrip Interview Experience | Set 5 (Online Coding)": "http://www.geeksforgeeks.org/makemytrip-interview-experience-set-5-online-coding/",
        "MakeMyTrip Interview Experience | Set 4": "http://www.geeksforgeeks.org/makemytrip-interview-experience-set-4/",
        "MakeMyTrip Interview Experience | Set 3": "http://www.geeksforgeeks.org/makemytrip-interview-experience-set-3/",
        "MakeMyTrip Interview Experience | Set 2 (On-Campus)": "http://www.geeksforgeeks.org/makemytrip-interview-experience-set-2-campus/",
        "MakeMyTrip Interview Experience": "http://www.geeksforgeeks.org/makemytrip-interview-experience/"
    },
    "Infoedge": {
        "InfoEdge Interview Experience | Set 2 (For PHP-MySQL Developer Profile)": "http://www.geeksforgeeks.org/infoedge-interview-experience-set-2-for-php-mysql-developer-profile/",
        "InfoEdge Interview Experience": "http://www.geeksforgeeks.org/infoedge-interview-experience/"
    },
    "Practo": {
        "Practo Interview Experience | Set 3 (Off-Campus)": "http://www.geeksforgeeks.org/practo-interview-experience-set-3-off-campus/",
        "Practo Interview Experience | Set 2 (Off-Campus)": "http://www.geeksforgeeks.org/practo-interview-experience-set-2-off-campus/",
        "Practo Placement Experience": "http://www.geeksforgeeks.org/practo-placement-experience/"
    },
    "Housing-Com": {
        "Set 3 (On-Campus)": "http://www.geeksforgeeks.org/housing-com-interview-experience-set-3-campus/",
        "Set 2": "http://www.geeksforgeeks.org/housing-com-interview-experience-set-2/",
        "Set 1": "http://www.geeksforgeeks.org/housing-com-interview-experience/"
    },
    "Ola-Cabs": {
        "Set 7 (For SDE-1)": "http://www.geeksforgeeks.org/ola-interview-experience-set-7-for-sde-1/",
        "Set 6 (For SDE-1)": "http://www.geeksforgeeks.org/ola-interview-experience-set-6-for-sde-1/",
        "Set 5 (For SDE ||)": "http://www.geeksforgeeks.org/ola-cabs-interview-experience-set-5-for-sde/",
        "Set 4 (For SDE 2)": "http://www.geeksforgeeks.org/ola-cabs-interview-experience-set-4-for-sde-2/",
        "Set 3": "http://www.geeksforgeeks.org/ola-cabs-interview-experience-set-3/",
        "Set 2 (For Android > 1.5 Years)": "http://www.geeksforgeeks.org/ola-cabs-interview-experience-set-2-android-1-5-years/",
        "Set 1 (Bangalore)": "http://www.geeksforgeeks.org/ola-cabs-interview-experience-bangalore/"
    },
    "Grofers": {
        "Set 5 (On-Campus)": "http://www.geeksforgeeks.org/grofers-interview-experience-set-5-on-campus/",
        "Set 4 (On-Campus)": "http://www.geeksforgeeks.org/grofers-interview-experience-set-4-on-campus/",
        "Set 3 (On-Campus for SDE)": "http://www.geeksforgeeks.org/grofers-interview-experience-set-3-on-campus/",
        "Set 2 (On-Campus)": "http://www.geeksforgeeks.org/grofers-interview-experience-set-2-on-campus/",
        "Grofers  Interview Experience For SDE": "http://www.geeksforgeeks.org/grofers-interview-experience-for-sde/"
    },
    "Thoughtworks": {
        "Thoughtworks Interview Experience | Set 1 (On-Campus)": "http://www.geeksforgeeks.org/thoughtworks-interview-experience-set-1-on-campus/"
    },
    "Delhivery": {
        "Delhivery Interview Experience": "http://www.geeksforgeeks.org/delhivery-interview-experience/"
    },
    "Taxi4Sure": {
        "Taxi4Sure Interview Experience": "http://www.geeksforgeeks.org/taxi4sure-interview-experience/"
    },
    "Lenskart": {
        "Lenskart Interview Experience for Application Developer": "http://www.geeksforgeeks.org/lenskart-interview-experience-for-application-developer/"
    }
}