{
    "Set 1": "https://www.geeksforgeeks.org/microsoft-interview-set-1/",
    "Set 2": "https://www.geeksforgeeks.org/microsoft-interview-set-2/",
    "Set 3": "https://www.geeksforgeeks.org/microsoft-interview-set-3/",
    "Set 4": "https://www.geeksforgeeks.org/microsoft-interview-set-4/",
    "Set 5": "https://www.geeksforgeeks.org/microsoft-interview-set-5/",
    "Set 6": "https://www.geeksforgeeks.org/microsoft-interview-set-6/",
    "Set 7": "https://www.geeksforgeeks.org/microsoft-interview-set-7-3/",
    "Set 8": "https://www.geeksforgeeks.org/microsoft-interview-set-8/",
    "Set 9": "https://www.geeksforgeeks.org/microsoft-interview-set-9/",
    "Set 10": "https://www.geeksforgeeks.org/microsoft-interview-set-10/",
    "Set 11": "https://www.geeksforgeeks.org/microsoft-interview-set-11/",
    "Set 12": "https://www.geeksforgeeks.org/mircosoft-interview-12/",
    "Set 13": "https://www.geeksforgeeks.org/mircosoft-interview-13/",
    "Set 14": "https://www.geeksforgeeks.org/mircosoft-interview-14/",
    "Set 15": "https://www.geeksforgeeks.org/mircosoft-interview-15/",
    "Set 16": "https://www.geeksforgeeks.org/microsoft-interview-16/",
    "Set 17": "https://www.geeksforgeeks.org/microsoft-interview-17/",
    "Set 18": "https://www.geeksforgeeks.org/microsoft-interview-178/",
    "Set 19": "https://www.geeksforgeeks.org/microsoft-interview-19/",
    "Set 20 (On-campus for Internship)": "https://www.geeksforgeeks.org/microsoft-interview-set-20-campus-internship/",
    "Set 21": "https://www.geeksforgeeks.org/microsoft-interview-set-21/",
    "Set 22": "https://www.geeksforgeeks.org/microsoft-interview-set-22/",
    "Set 23": "https://www.geeksforgeeks.org/microsoft-interview-set-23/",
    "Set 24": "https://www.geeksforgeeks.org/microsoft-interview-set-24/",
    "Set 25 (On-campus for Internship)": "https://www.geeksforgeeks.org/microsoft-interview-set-25-on-campus-for-internship/",
    "Set 26": "https://www.geeksforgeeks.org/mircosoft-interview-set/",
    "Set 27": "https://www.geeksforgeeks.org/microsoft-interview-set-27/",
    "Set 28 (On-Campus)": "https://www.geeksforgeeks.org/microsoft-interview-set-28-campus/",
    "Set 29 (On-Campus for Internship)": "https://www.geeksforgeeks.org/microsoft-interview-set-29-campus-internship/",
    "Set 30 (On-Campus)": "https://www.geeksforgeeks.org/microsoft-interview-set-30-campus/",
    "Set 31 (On-Campus)": "https://www.geeksforgeeks.org/microsoft-interview-set-31-campus/",
    "Set 32 (On-Campus for Internship)": "https://www.geeksforgeeks.org/microsoft-interview-set-32-campus-internship/",
    "Set 33 (On-Campus for Internship)": "https://www.geeksforgeeks.org/microsoft-interview-set-33-campus-internship/",
    "Set 34 (On-Campus)": "https://www.geeksforgeeks.org/microsoft-interview-set-34-campus-2/",
    "Set 35 | Microsoft IDC Interview (On-Campus for Internship)": "https://www.geeksforgeeks.org/microsoft-interview-set-35-campus-internship/",
    "Set 36 | Microsoft Research India Interview (On-Campus for Internship)": "https://www.geeksforgeeks.org/microsoft-research-india-interview-set-36-on-campus-for-internship/",
    "Set 37 (For SDE-1)": "https://www.geeksforgeeks.org/microsoft-interview-set-37-sde-1/",
    "Set 37 | Microsoft IDC Interview ExperienceB": "https://www.geeksforgeeks.org/microsoft-idc-first-round-questions/",
    "Set 38 | Microsoft IDC Interview Experience (For Internship)": "https://www.geeksforgeeks.org/microsoft-idc-interview-experience-set-138for-internship/",
    "Set 39 | Microsoft Interview Experience (On-Campus)": "https://www.geeksforgeeks.org/microsoft-interview-experience-set-39-on-campus/",
    "Set 40 | Microsoft Interview Experience (Off-Campus)": "https://www.geeksforgeeks.org/microsoft-interview-experience-set-40-off-campus/",
    "Set 41 | Microsoft Interview Experience (On-Campus)": "https://www.geeksforgeeks.org/microsoft-interview-experience-set-41-campus/",
    "Set 42 | Microsoft Interview Experience (For SDE1)": "https://www.geeksforgeeks.org/microsoft-interview-experience-set-42-sde1/",
    "Set 43 | Microsoft Interview Experience": "https://www.geeksforgeeks.org/microsoft-interview-experience-set-43/",
    "Set 44 | Microsoft IDC Interview Experienc": "https://www.geeksforgeeks.org/microsoft-idc-interview-experience-set-44/",
    "Set 45 | Microsoft Interview Experience": "https://www.geeksforgeeks.org/microsoft-interview-experience-set-45/",
    "Set 46 | Microsoft Interview Experience (Onsite)": "https://www.geeksforgeeks.org/microsoft-interview-experience-set-46-onsite/",
    "Set 47 | Microsoft IDC interview Experience (For 1.7 Years Experienced)": "https://www.geeksforgeeks.org/microsoft-idc-interview-experience-set-47-1-7-years-experienced/",
    "Set 48 | Microsoft interview Experience (For 1.5 Years Experienced)": "https://www.geeksforgeeks.org/microsoft-interview-experience-set-48-for-1-5-years-experienced/",
    "Set 49 | Microsoft interview Experience (For Internship)": "https://www.geeksforgeeks.org/microsoft-interview-experience-set-49-internship/",
    "Set 50 | Microsoft interview Experience": "https://www.geeksforgeeks.org/microsoft-interview-experience-set-50/",
    "Set 51 | Microsoft Interview Experience (For SDE Intern)": "https://www.geeksforgeeks.org/microsoft-interview-experience-set-51-for-sde-intern/",
    "Set 52 | Microsoft Interview Experience (Fresher)": "https://www.geeksforgeeks.org/microsoft-interview-experience-set-52-fresher/",
    "Set 53 | Microsoft Interview Experience": "https://www.geeksforgeeks.org/microsoft-interview-experience-set-53/",
    "Set 54 | Microsoft Interview Experience (For SDE)": "https://www.geeksforgeeks.org/microsoft-interview-experience-set-54-for-sde/",
    "Set 55 | Microsoft Interview Experience (For Software Engineer 2)": "https://www.geeksforgeeks.org/microsoft-interview-experience-set-55-for-software-engineer-2/",
    "Set 56 | Microsoft Interview Experience (For SDE 2)": "https://www.geeksforgeeks.org/microsoft-interview-experience-set-56-for-sde-2/",
    "Set 57 | Microsoft Interview Experience (For SDE)": "https://www.geeksforgeeks.org/microsoft-interview-experience-set-57-for-sde/",
    "Set 58 | Microsoft Interview Experience (For Software Engineer)": "https://www.geeksforgeeks.org/microsoft-interview-experience-set-58-for-software-engineer/",
    "Set 59 | Microsoft Interview Experience (On-Campus)": "https://www.geeksforgeeks.org/microsoft-interview-experience-set-59-on-campus/",
    "Set 60 | Microsoft Interview Experience (On-Campus for Internship)": "https://www.geeksforgeeks.org/microsoft-interview-experience-set-60-on-campus-for-internship/",
    "Set 61 | Microsoft Interview Experience (On-Campus for IDC)": "https://www.geeksforgeeks.org/microsoft-interview-experience-set-61-on-campus-for-idc/",
    "Set 62 | Microsoft Interview Experience (On-Campus for IDC)": "https://www.geeksforgeeks.org/microsoft-interview-experience-set-62-on-campus-for-idc/",
    "Set 63 | Microsoft Interview Experience (For Internship)": "https://www.geeksforgeeks.org/microsoft-interview-experience-set-63-for-internship/",
    "Set 64 | Microsoft Interview Experience (For SDE-2)": "https://www.geeksforgeeks.org/microsoft-interview-experience-set-64-for-sde-2/",
    "Set 65 | Microsoft Interview Experience (On-Campus for Internship IT and IDC)": "https://www.geeksforgeeks.org/microsoft-interview-experience-set-65-on-campus-for-internship-it-and-idc/",
    "Set 66 | Microsoft IDC Interview Experience (On-Campus for Internship)": "https://www.geeksforgeeks.org/microsoft-idc-interview-experience-set-66-on-campus-for-internship/",
    "Set 67 | Microsoft IDC Interview Experience (On-Campus for Internship)": "https://www.geeksforgeeks.org/microsoft-idc-interview-experience-set-67-on-campus-for-internship/",
    "Set 68 | Microsoft IDC Interview Experience (For SDE)": "https://www.geeksforgeeks.org/microsoft-idc-interview-experience-set-68-off-campus-for-sde/",
    "Set 69 | Microsoft IDC Interview Experience (For SDE)": "https://www.geeksforgeeks.org/microsoft-idc-interview-experience-set-69-for-sde/",
    "Set 70 | Microsoft Interview Experience (On-Campus for IDC and IT)": "https://www.geeksforgeeks.org/microsoft-interview-experience-set-70-on-campus-for-idc-and-it/",
    "Set 71 | Microsoft Interview Experience (Off-Campus)": "https://www.geeksforgeeks.org/microsoft-interview-experience-set-71-off-campus/",
    "Set 72 | Microsoft Interview Experience (For Software Engineer)": "https://www.geeksforgeeks.org/microsoft-interview-experience-set-72-for-software-engineer/",
    "Set 73 | Microsoft Interview experience  (On-Campus for IT SDE Intern)": "https://www.geeksforgeeks.org/microsoft-interview-experience-set-73-on-campus-for-it-sde-intern/",
    "Set 74 | Microsoft Interview Experience (For Software Engineer in IT Team)": "https://www.geeksforgeeks.org/microsoft-interview-experience-set-74-for-software-engineer-in-it-team/",
    "Set 75 | Microsoft Interview Experience (For SDE II)": "https://www.geeksforgeeks.org/microsoft-interview-experience-set-75-for-sde-ii/",
    "Set 76 | Microsoft Interview Experience (On-Campus)": "https://www.geeksforgeeks.org/microsoft-interview-experience-set-76-on-campus/",
    "Set 77 | Microsoft Interview Experience (For IDC Internship)": "https://www.geeksforgeeks.org/microsoft-interview-experience-set-77-for-idc-internship/",
    "Set 78 | Microsoft Interview Experience (Telephonic for IT)": "https://www.geeksforgeeks.org/microsoft-interview-experience-set-78-telephonic-for-it/",
    "Set 79 | Microsoft IDC Interview Experience (For Internship)": "https://www.geeksforgeeks.org/microsoft-idc-interview-experience-set-79-for-internship/",
    "Set 80 | Microsoft IDC Interview Experience (For Internship)": "https://www.geeksforgeeks.org/microsoft-idc-interview-experience-set-80-for-internship/",
    "Set 81 | Microsoft IDC Interview Experience (For Internship)": "https://www.geeksforgeeks.org/microsoft-idc-interview-experience-set-81-for-internship/",
    "Set 82 | Microsoft IDC Interview Experience (On-Campus)": "https://www.geeksforgeeks.org/microsoft-idc-interview-experience-set-82-on-campus/",
    "Set 83 | Microsoft IDC Interview Experience (On-Campus)": "https://www.geeksforgeeks.org/microsoft-idc-interview-experience-set-83-on-campus/",
    "Set 84 | Microsoft MSIT Interview Experience (On-Campus)": "https://www.geeksforgeeks.org/microsoft-msit-interview-experience-set-84-on-campus/",
    "Set 85 | Microsoft MSIT Interview Experience (On-Campus)": "https://www.geeksforgeeks.org/microsoft-msit-interview-experience-set-85-campus/",
    "Set 86 | Microsoft Interview Experience (On-Campus)": "https://www.geeksforgeeks.org/microsoft-interview-experience-set-86-on-campus/",
    "Set 87 | Microsoft Interview Experience (On-Campus)": "https://www.geeksforgeeks.org/microsoft-interview-experience-set-87/",
    "Set 88 | Microsoft IDC Interview Experience (For SDE-2)": "https://www.geeksforgeeks.org/microsoft-idc-interview-experience-set-88-for-sde-2/",
    "Set 88 | Microsoft IDC Interview Experience (For SDE-1)": "https://www.geeksforgeeks.org/microsoft-idc-interview-experience-set-88-sde-1/",
    "Set 89 | Microsoft Interview Experience (For SDE-2)": "https://www.geeksforgeeks.org/microsoft-interview-experience-set-89-for-sde-2/",
    "Set 90 | Microsoft Interview Experience": "https://www.geeksforgeeks.org/microsoft-interview-experience-set-90/",
    "Set 91 | Microsoft Interview experience (2 Yrs Experienced for IDC)": "https://www.geeksforgeeks.org/microsoft-interview-experience-set-91-2-yrs-experienced-idc/",
    "Set 92 | Microsoft Interview experience (1.8 Yrs Experienced for IDC)": "https://www.geeksforgeeks.org/microsoft-interview-experience-set-92-1-8-yrs-experienced-for-idc/",
    "Set 93 | Microsoft Interview experience (4 Yrs Experienced for IDC)": "https://www.geeksforgeeks.org/microsoft-interview-experience-set-93-4-yrs-experienced-for-idc/",
    "Set 94 | Microsoft Interview experience (Internship)": "https://www.geeksforgeeks.org/microsoft-interview-experience-set-94-internship/",
    "Set 95 | Microsoft Interview experience (On-Campus for IDC)": "https://www.geeksforgeeks.org/microsoft-interview-experience-set-95-on-campus-for-idc/",
    "Set 96 | Microsoft Interview experience (On-Campus Internship for IDC)": "https://www.geeksforgeeks.org/microsoft-interview-experience-set-96-on-campus-for-idc/",
    "Set 97 | Microsoft Interview experience (On-Campus for IT Internship)": "https://www.geeksforgeeks.org/microsoft-interview-experience-set-97-on-campus-for-it-internship/",
    "Set 98 | Microsoft Interview experience (On Campus for IDC)": "https://www.geeksforgeeks.org/microsoft-interview-experience-set-98-on-campus-for-idc/",
    "Set 99 | Microsoft Interview experience (On Campus for IDC and IT)": "https://www.geeksforgeeks.org/microsoft-interview-experience-set-98-on-campus-for-idc-2/",
    "Set 100 | Microsoft Interview experience (On Campus for Internship on IDC and IT)": "https://www.geeksforgeeks.org/microsoft-interview-experience-set-99-on-campus-for-internship-on-idc-and-it/",
    "Set 101 | Microsoft Interview experience (On Campus for IDC)": "https://www.geeksforgeeks.org/microsoft-interview-experience-set-101-campus-idc/",
    "Set 102 | Microsoft Interview experience (On Campus for IDC)": "https://www.geeksforgeeks.org/microsoft-interview-experience-set-102-on-campus-for-idc/",
    "Set 103 | Microsoft Interview experience (On Campus for IDC)": "https://www.geeksforgeeks.org/microsoft-interview-experience-set-103-on-campus-for-idc/",
    "Set 104 | Microsoft Interview experience (On Campus for IDC)": "https://www.geeksforgeeks.org/microsoft-interview-experience-set-104-on-campus-for-idc/",
    "Set 105 | Microsoft Interview experience ( Global Delivery )": "https://www.geeksforgeeks.org/microsoft-interview-experience-set-105-global-delivery/",
    "Set 106 | Microsoft Interview experience": "https://www.geeksforgeeks.org/microsoft-interview-experience-set-106/",
    "Set 107 | Microsoft Interview experience (On-Campus for Internship)": "https://www.geeksforgeeks.org/microsoft-interview-experience-set-107-on-campus-for-internship/",
    "Set 108 | Microsoft Interview experience (On-Campus)": "https://www.geeksforgeeks.org/microsoft-interview-experience-set-108-on-campus/",
    "Set 109 | Microsoft Interview Experience  (2 years experienced)": "https://www.geeksforgeeks.org/microsoft-interview-experience-set-109-2-years-experienced/",
    "Set 110 | Microsoft Interview Experience (Internship)": "https://www.geeksforgeeks.org/microsoft-interview-experience-set-110-internship/",
    "Set 111 | Microsoft Interview Experience (For 1.5 Years Experienced)": "https://www.geeksforgeeks.org/microsoft-interview-experience-set-111-1-5-years-experienced/",
    "Set 112 | Microsoft Interview Experience (For 4.5 Years Experienced)": "https://www.geeksforgeeks.org/microsoft-interview-experience-set-112-4-5-years-experienced/",
    "Set 113 | Microsoft Interview experience (On-Campus)": "https://www.geeksforgeeks.org/microsoft-interview-experience-set-113-on-campus/",
    "Set 114 | Microsoft Interview experience (2.5 Years Experienced for SDE2)": "https://www.geeksforgeeks.org/microsoft-interview-experience-set-114-2-5-years-experienced-sde2/",
    "Set 115 | Microsoft Interview experience (4 Years Experienced for IDC)": "https://www.geeksforgeeks.org/microsoft-interview-experience-set-115-4-years-experienced-idc/",
    "Set 116 | Microsoft Interview experience (On-Campus)": "https://www.geeksforgeeks.org/microsoft-interview-experience-set-116-on-campus/",
    "Set 117 | Microsoft Interview experience (Off-Campus)": "https://www.geeksforgeeks.org/microsoft-interview-experience-set-117-off-campus/",
    "Set 118 | Microsoft Interview experience (On-Campus for IDC)": "https://www.geeksforgeeks.org/microsoft-interview-experience-set-118-campus-idc/",
    "Set 119 | Microsoft Interview experience (For Internship)": "https://www.geeksforgeeks.org/microsoft-interview-experience-set-119-internship/",
    "Set 120 | Microsoft Interview experience (For Senior SDE)": "https://www.geeksforgeeks.org/microsoft-interview-experience-set-120-senior-sde/",
    "Set 121 | Microsoft Interview experience (On-Campus for Internship)": "https://www.geeksforgeeks.org/microsoft-interview-experience-set-121-campus-internship/",
    "Set 122 | Microsoft Interview experience (Off-Campus)": "https://www.geeksforgeeks.org/microsoft-interview-experience-set-122-off-campus/",
    "Set 123 | Microsoft Interview experience (Off-Campus)": "https://www.geeksforgeeks.org/microsoft-interview-experience-set-123-off-campus/",
    "Set 124 | Microsoft Interview Experience  (On Campus for IDC)": "https://www.geeksforgeeks.org/microsoft-interview-experience-set-124-campus-idc/",
    "Set 125 | Microsoft Interview experience (On-Campus for IDC)": "https://www.geeksforgeeks.org/microsoft-interview-experience-set-125-campus-idc/",
    "Set 126 | Microsoft Interview experience (On-Campus for Internship)": "https://www.geeksforgeeks.org/microsoft-interview-experience-set-126-campus-internship/",
    "Set 127 (On-Campus for IDC)": "https://www.geeksforgeeks.org/microsoft-interview-experience-set-127-campus-idc/",
    "Set 129 | Microsoft Interview Experience (On-Campus for Internship)": "https://www.geeksforgeeks.org/microsoft-interview-experience-set-129-campus-internship/",
    "Set 130 | Microsoft Interview Experience (Internship)": "https://www.geeksforgeeks.org/microsoft-interview-experience-set-130-internship/",
    "Set 131 | Microsoft Interview Experience": "https://www.geeksforgeeks.org/microsoft-interview-experience-set-131/",
    "Set 132 | Microsoft Interview Experience (Software Engineer for Bing Team)": "https://www.geeksforgeeks.org/microsoft-interview-experience-set-132-software-engineer-bing-team/",
    "Set 133 | Microsoft Interview Experience (On-Campus for Internship)": "https://www.geeksforgeeks.org/microsoft-interview-experience-set-133-campus-internship/",
    "Set 134 | Microsoft Interview Experience (On-Campus for Internship)": "https://www.geeksforgeeks.org/microsoft-interview-experience-set-134-campus-internship/",
    "Set 135 | Microsoft Interview Experience (For SDE II)": "https://www.geeksforgeeks.org/microsoft-interview-experience-set-135-sde-ii/",
    "Set 136 | Microsoft Interview Experience (On Campus for Internship)": "https://www.geeksforgeeks.org/microsoft-interview-experience-set-136-campus-internship/",
    "Set 137 | Microsoft Interview Experience (For Software Engineer II)": "https://www.geeksforgeeks.org/microsoft-interview-experience-set-137-software-engineer-ii/",
    "Set 138 | Microsoft Interview Experience (Off-Campus)": "https://www.geeksforgeeks.org/microsoft-interview-experience-set-138-off-campus/",
    "Set 139 | Microsoft Interview Experience (For Internship)": "https://www.geeksforgeeks.org/microsoft-interview-experience-set-139-internship/",
    "Set 140 | Microsoft Interview Experience (On-Campus For Internship)": "https://www.geeksforgeeks.org/microsoft-interview-experience-set-140-campus-internship/",
    "Set 141 | Microsoft Interview Experience (Off-Campus – Online Coding Test for IDC)": "https://www.geeksforgeeks.org/microsoft-interview-experience-set-141-off-campus-online-coding-test-idc/",
    "Set 142 | Microsoft Interview Experience (Pool Campus)": "https://www.geeksforgeeks.org/microsoft-interview-experience-set-142-pool-campus/",
    "Set 143 | Microsoft IDC Internship Experience (On Campus)": "https://www.geeksforgeeks.org/microsoft-idc-internship-experience-set-143-campus/",
    "Set 144 | Microsoft Interview Experience (Pool Campus – Internship)": "https://www.geeksforgeeks.org/microsoft-interview-experience-set-144-pool-campus-internship/",
    "Set 145 | Microsoft Interview Experience (Pool Campus – Internship)": "https://www.geeksforgeeks.org/microsoft-interview-experience-set-145-pool-campus-internship/",
    "Set 146 | Microsoft IGD Interview Experience (On Campus)": "https://www.geeksforgeeks.org/microsoft-igd-interview-experience-set-146/",
    "Set 148 | Microsoft Interview Experience (Internship IDC Pool Campus)": "https://www.geeksforgeeks.org/microsoft-interview-experience-set-148-internship-idc-pool-campus/",
    "Set 149 | Microsoft Interview Experience (On Campus)": "https://www.geeksforgeeks.org/microsoft-interview-experience-set-149-campus/",
    "Set 150 | Microsoft IDC Interview Experience (Off-Campus for Full Time)": "https://www.geeksforgeeks.org/microsoft-idc-interview-experience-set-150-full-time/",
    "Set 151 | Microsoft Interview Experience (SDE-2 3.5 years experience)": "https://www.geeksforgeeks.org/microsoft-interview-experience-set-151-sde-2-3-5-years-experience/",
    "Set 152 | Microsoft Interview Experience (IDC Software Engineer II)": "https://www.geeksforgeeks.org/microsoft-interview-experience-set-152-idc-software-engineer-ii/",
    "Set 153 | Microsoft IDC Bangalore Interview (O365 Team)": "https://www.geeksforgeeks.org/microsoft-idc-bangalore-interview-set-153-o365-team/",
    "Set 154 | Microsoft Interview Experience (For 1.5 Years Experienced)": "https://www.geeksforgeeks.org/microsoft-interview-experience-set-154-1-5-years-experienced/",
    "Set 155 | Microsoft Interview Experience (For Data Scientist)": "https://www.geeksforgeeks.org/microsoft-interview-experience-set-155-data-scientist/",
    "Set 156 | Microsoft IDC Interview Experience (Off-Campus for Full Time)": "https://www.geeksforgeeks.org/microsoft-idc-interview-experience-set-156-off-campus-for-full-time/",
    "Set 157 | Microsoft Interview Experience (On-Campus)": "https://www.geeksforgeeks.org/microsoft-interview-experience-set-157-campus/",
    "Set 158 | Microsoft Interview Experience (On-Campus)": "https://www.geeksforgeeks.org/microsoft-interview-experience-set-158-campus/",
    "Set 159 | Microsoft Interview Experience (On campus)": "https://www.geeksforgeeks.org/microsoft-interview-experience-set-159-campus/",
    "Set 160 | Microsoft Interview Experience (Off Campus)": "https://www.geeksforgeeks.org/microsoft-interview-experience-set-160-off-campus/",
    "Set 161 | Microsoft Interview Experience (On campus)": "https://www.geeksforgeeks.org/microsoft-interview-experience-set-161-campus/",
    "Set 162 | Microsoft Interview experience (For Front End Developer)": "https://www.geeksforgeeks.org/microsoft-interview-experience-set-162-front-end-developer/",
    "Set 164 | Microsoft Interview Experience (On-Campus for Internship)": "https://www.geeksforgeeks.org/microsoft-interview-experience-set-164-campus-internship/",
    "Set 165 | Microsoft Interview Experience (Software Engineer)": "https://www.geeksforgeeks.org/microsoft-interview-experience-set-165-software-engineer/",
    "Set 166 | Microsoft Interview Experience": "https://www.geeksforgeeks.org/microsoft-interview-experience-set-166/",
    "Set 167 | Microsoft interview experience: (7 Years Experienced)": "https://www.geeksforgeeks.org/microsoft-interview-experience-set-167-7-years-experienced/",
    "Set 168 | Microsoft IDC Interview Experience (Off-Campus for Internship)": "https://www.geeksforgeeks.org/microsoft-idc-interview-experience-set-168-off-campus-internship/",
    "Set 169 | Microsoft Interview Experience  (SDE 2 for 3.5 years experience)": "https://www.geeksforgeeks.org/microsoft-interview-experience-set-169/",
    "Set 170 | Microsoft Office India Interview experience (2 Years Exp)": "https://www.geeksforgeeks.org/microsoft-office-india-interview-experience-set-170-2-years-exp/",
    "Set 171 | Microsoft Interview Experience (Experienced)": "https://www.geeksforgeeks.org/microsoft-interview-experience-set-171-experienced/",
    "Set 172 | Microsoft Interview Experience (Off-Campus for SDE 1)": "https://www.geeksforgeeks.org/microsoft-interview-experience-set-172-off-campus-sde-1/",
    "Set 173 | Microsoft Interview Experience (On Campus)": "https://www.geeksforgeeks.org/microsoft-interview-experience-set-173-on-campus/",
    "Set 174 | Microsoft Interview Experience (First Round On Campus)": "https://www.geeksforgeeks.org/microsoft-interview-experience-set-174-first-round-on-campus/",
    "Set 175 | Microsoft Interview Experience (On-Campus)": "https://www.geeksforgeeks.org/microsoft-interview-experience-set-175-on-campus/",
    "Set 176 | Microsoft Interview Experience (On-Campus)": "https://www.geeksforgeeks.org/microsoft-interview-experience-set-176-on-campus/",
    "Set 177 | Microsoft IDC Interview Experience (On-Campus)": "https://www.geeksforgeeks.org/microsoft-idc-interview-experience-set-177-on-campus/",
    "Set 178 | Microsoft Interview experience (On-Campus Internship for IDC)": "https://www.geeksforgeeks.org/microsoft-interview-experience-set-178-on-campus-internship-for-idc/",
    "Set 179 | Microsoft Interview experience (On-Campus)": "https://www.geeksforgeeks.org/microsoft-interview-experience-set-179-on-campus/",
    "Set 180 | Microsoft interview experience (On-Campus)": "https://www.geeksforgeeks.org/microsoft-interview-experience-set-180-on-campus/",

    "Microsoft Interview Experience (Full Time 2018 Washington DC – with 2.5 years of experience)": "https://www.geeksforgeeks.org/microsoft-interview-experience-full-time-2018-washington-dc-with-2-5-years-of-experience/",
    "Microsoft Interview Experience (Internship 2018)": "https://www.geeksforgeeks.org/microsoft-interview-experience-internship-2018/",
    "Microsoft Interview Experience (On-Campus Internships 2018)": "https://www.geeksforgeeks.org/microsoft-interview-experience-on-campus-internships-2018/",
    "Microsoft Interview Experience (On-Campus for Internship 2018)": "https://www.geeksforgeeks.org/microsoft-interview-experience-on-campus-for-internship-2018/",
    "Microsoft Interview Experience (On-campus Internship 2018)": "https://www.geeksforgeeks.org/microsoft-interview-experience-on-campus-internship-2018/",
    "Microsoft Interview Experience – Full Time Employee – 2018": "https://www.geeksforgeeks.org/microsoft-interview-experience-full-time-employee-2018/",
    "Microsoft interview experience 2018": "https://www.geeksforgeeks.org/microsoft-interview-experience-2018/",

    "Microsoft-IDC Interview Experience-SDE profile (on-campus for FTE)": "https://www.geeksforgeeks.org/microsoft-interview-experience-sde-profile-on-campus-for-fte/",
    "Microsoft Full Time Interview (On Campus)": "https://www.geeksforgeeks.org/microsoft-full-time-interview-on-campus/",
    "Microsoft Full Time Interview Experience (On campus)": "https://www.geeksforgeeks.org/microsoft-full-time-interview-experience-on-campus/",
    "Microsoft IDC Interview Experience (For Full Time)": "https://www.geeksforgeeks.org/microsoft-idc-interview-experience-for-full-time/",
    "Microsoft IDC Interview Experience (On Campus Internship)": "https://www.geeksforgeeks.org/microsoft-idc-interview-experience-on-campus-internship/",
    "Microsoft IDC Interview Experiences (On Campus Internship)": "https://www.geeksforgeeks.org/microsoft-idc-interview-experiences-on-campus-internship/",
    "Microsoft Internship Interview On-campus": "https://www.geeksforgeeks.org/microsoft-internship-interview-on-campus/",
    "Microsoft Interview Experience (For Internship)": "https://www.geeksforgeeks.org/microsoft-interview-experience-for-internship/",
    "Microsoft Interview Experience (On Campus for Full Time)": "https://www.geeksforgeeks.org/microsoft-interview-experience-on-campus-for-full-time/",
    "Microsoft Interview Experience (On campus internship)": "https://www.geeksforgeeks.org/microsoft-interview-experience-on-campus-internship/",
    "Microsoft Interview Experience (On-Campus for Internship)": "https://www.geeksforgeeks.org/microsoft-interview-experience-on-campus-for-internship/",
    "Microsoft Interview Experience (On-campus internship)": "https://www.geeksforgeeks.org/microsoft-interview-experience-on-campus-internship-2/",
    "Microsoft Interview Experience (SDE II)": "https://www.geeksforgeeks.org/microsoft-interview-experience-sde-ii/",
    "Microsoft Interview Experience Set 128 | (On-Campus for Internship)": "https://www.geeksforgeeks.org/microsoft-interview-experience-set-128-campus-internship/",
    "Microsoft Interview Experience | (Internship)": "https://www.geeksforgeeks.org/microsoft-interview-experience-set-147-pool-campus-internship/",
    "Microsoft Interview Experience | (SDE-2 for 3 Years Experienced)": "https://www.geeksforgeeks.org/microsoft-interview-experience-sde-2-3-years-experienced/",
    "Microsoft Interview Experience – On campus SDE Intern": "https://www.geeksforgeeks.org/microsoft-interview-experience-on-campus-sde-intern/",
    "Microsoft Interview Experience": "https://www.geeksforgeeks.org/microsoft-interview-experience/",
    "Microsoft Interview Experience, FTE, (on-campus)": "https://www.geeksforgeeks.org/microsoft-interview-experience-fte-on-campus/",
    "Microsoft Interview Question for Internship": "https://www.geeksforgeeks.org/microsoft-interview-question-for-internship/",
    "Microsoft Interview for SDE-2": "https://www.geeksforgeeks.org/microsoft-interview-for-sde-2/",
    "Microsoft Recruitment Process": "https://www.geeksforgeeks.org/microsoft-recruitment-process/",
    "Microsoft on Campus Placement and Interview Questions": "https://www.geeksforgeeks.org/microsoft-on-campus-placement-and-interview-questions/",
    "Microsoft – SDE On Campus Full Time": "https://www.geeksforgeeks.org/microsoft-sde-on-campus-full-time/",
    "[TopTalent.in] Exclusive Interview with Prashanth from IIT Madras who landed a job at Microsoft, Redmond": "https://www.geeksforgeeks.org/exclusive-interview-prashanth-iit-madras-landed-job-microsoft-redmond/",
    "[TopTalent.in] Exclusive Interview with Ravi Kiran from BITS, Pilani who got placed in Google, Microsoft and Facebook": "https://www.geeksforgeeks.org/toptalent-in-exclusive-interview-with-ravi-kiran-from-bits-pilani-who-got-placed-in-google-microsoft-and-facebook/",
    "[TopTalent.in] Exclusive Rapid Fire Interview with Gritika Who Got a job offer from Microsoft": "https://www.geeksforgeeks.org/toptalent-exclusive-rapid-fire-interview-gritika-got-job-offer-microsoft/",
    "[TopTalent.in] Interview With Nandini from VNIT Who Bagged an Off Campus Job in Microsoft": "https://www.geeksforgeeks.org/toptalent-in-interview-with-nandini-from-vnit-who-bagged-an-off-campus-job-in-microsoft/",
    "[TopTalent.in] Interview with Sujeet Gholap, placed in Microsoft, Google, Samsung, Goldman Sachs & Tower Research": "https://www.geeksforgeeks.org/toptalent-in-interview-with-sujeet-gholap-placed-in-microsoft-google-samsung-goldman-sachs-tower-research/"
}