{
    "Samsung Research Institute Bangalore (SRIB) (intern)": "https://www.geeksforgeeks.org/samsung-research-institute-bangalore-srib-intern/",
    "Samsung R & D Bangalore internship experience (2018)": "https://www.geeksforgeeks.org/samsung-r-d-bangalore-internship-experience-2018/",
    "Samsung Semiconductor Institute of Research(SSIR Software) Intern/FTE | Set-2": "https://www.geeksforgeeks.org/samsung-semiconductor-institute-of-researchssir-software-intern-fte-set-2/",
    "Samsung Semiconductor Institute of Research (SSIR software) intern/FTE | Set-1": "https://www.geeksforgeeks.org/samsung-semiconductor-institute-of-research-ssir-software-intern-fte-set-1/",
    "Samsung Delhi Interview Experience (On-Campus for Software Engineer) \u2013 September 2018": "https://www.geeksforgeeks.org/samsung-delhi-interview-experience-on-campus-for-software-engineer-september-2018/",
    "Samsung R & D Noida Question September 2018": "https://www.geeksforgeeks.org/samsung-r-d-noida-question-september-2018/",
    "Samsung Interview Experience (On-Campus for Software Engineer) (September 2018)": "https://www.geeksforgeeks.org/samsung-interview-experience-on-campus-for-software-engineer-september-2018/",
    "Samsung SRIB interview experience (2018)": "https://www.geeksforgeeks.org/samsung-srib-interview-experience-2018/",
    "Samsung R&D Bangalore | Freshers |  Full time+Internship": "https://www.geeksforgeeks.org/samsung-rd-bangalore-freshers-full-timeinternship/",
    "Samsung Noida R & D On Campus Internship Interview Experience": "https://www.geeksforgeeks.org/samsung-noida-r-d-on-campus-internship-interview-experience/",
    "Samsung R&D Institute Noida(SRIN) Internship interview experience": "https://www.geeksforgeeks.org/samsung-rd-institute-noidasrin-internship-interview-experience/"
}