{
    "A program to check if a binary tree is BST or not": "https://www.geeksforgeeks.org/a-program-to-check-if-a-binary-tree-is-bst-or-not/",
    "AA Trees | Set 1 (Introduction)": "https://www.geeksforgeeks.org/aa-trees-set-1-introduction/",
    "AVL Tree | Set 1 (Insertion)": "https://www.geeksforgeeks.org/avl-tree-set-1-insertion/",
    "AVL Tree | Set 2 (Deletion)": "https://www.geeksforgeeks.org/avl-tree-set-2-deletion/",
    "AVL with duplicate keys": "https://www.geeksforgeeks.org/avl-with-duplicate-keys/",
    "Add all greater values to every node in a given BST": "https://www.geeksforgeeks.org/add-greater-values-every-node-given-bst/",
    "Advantages of Trie Data Structure": "https://www.geeksforgeeks.org/advantages-trie-data-structure/",
    "Applications of Minimum Spanning Tree Problem": "https://www.geeksforgeeks.org/applications-of-minimum-spanning-tree/",
    "Applications of tree data structure": "https://www.geeksforgeeks.org/applications-of-tree-data-structure/",
    "Averages of Levels in Binary Tree": "https://www.geeksforgeeks.org/averages-levels-binary-tree/",
    "BFS vs DFS for Binary Tree": "https://www.geeksforgeeks.org/bfs-vs-dfs-binary-tree/",
    "BK-Tree | Introduction & Implementation": "https://www.geeksforgeeks.org/bk-tree-introduction-implementation/",
    "BST to a Tree with sum of all smaller keys": "https://www.geeksforgeeks.org/bst-tree-sum-smaller-keys/",
    "Binary Indexed Tree : Range Updates and Point Queries": "https://www.geeksforgeeks.org/binary-indexed-tree-range-updates-point-queries/",
    "Binary Tree (Array implementation)": "https://www.geeksforgeeks.org/binary-tree-array-implementation/",
    "Binary Tree to Binary Search Tree Conversion": "https://www.geeksforgeeks.org/binary-tree-to-binary-search-tree-conversion/",
    "Binary Tree to Binary Search Tree Conversion using STL set": "https://www.geeksforgeeks.org/binary-tree-binary-search-tree-conversion-using-stl-set/",
    "Binary Tree | Set 1 (Introduction)": "https://www.geeksforgeeks.org/binary-tree-set-1-introduction/",
    "Binary Tree | Set 2 (Properties)": "https://www.geeksforgeeks.org/binary-tree-set-2-properties/",
    "Binary Tree | Set 3 (Types of Binary Tree)": "https://www.geeksforgeeks.org/binary-tree-set-3-types-of-binary-tree/",
    "Binary tree to string with brackets": "https://www.geeksforgeeks.org/binary-tree-string-brackets/",
    "Bottom View of a Binary Tree": "https://www.geeksforgeeks.org/bottom-view-binary-tree/",
    "Boundary Traversal of binary tree": "https://www.geeksforgeeks.org/boundary-traversal-of-binary-tree/",
    "Calculate depth of a full Binary tree from Preorder": "https://www.geeksforgeeks.org/calculate-depth-full-binary-tree-preorder/",
    "Calculate number of nodes in all subtrees | Using DFS": "https://www.geeksforgeeks.org/calculate-number-nodes-subtrees-using-dfs/",
    "Change a Binary Tree so that every node stores sum of all nodes in left subtree": "https://www.geeksforgeeks.org/change-a-binary-tree-so-that-every-node-stores-sum-of-all-nodes-in-left-subtree/",
    "Check for Children Sum Property in a Binary Tree": "https://www.geeksforgeeks.org/check-for-children-sum-property-in-a-binary-tree/",
    "Check for Symmetric Binary Tree (Iterative Approach)": "https://www.geeksforgeeks.org/check-symmetric-binary-tree-iterative-approach/",
    "Check given array of size n can represent BST of n levels or not": "https://www.geeksforgeeks.org/check-given-array-of-size-n-can-represent-bst-of-n-levels-or-not/",
    "Check if a Binary Tree (not BST) has duplicate values": "https://www.geeksforgeeks.org/check-binary-tree-not-bst-duplicate-values/",
    "Check if a Binary Tree contains duplicate subtrees of size 2 or more": "https://www.geeksforgeeks.org/check-binary-tree-contains-duplicate-subtrees-size-2/",
    "Check if a binary tree is sorted level-wise or not": "https://www.geeksforgeeks.org/check-if-a-binary-tree-is-sorted-level-wise-or-not/",
    "Check if a binary tree is subtree of another binary tree | Set 1": "https://www.geeksforgeeks.org/check-if-a-binary-tree-is-subtree-of-another-binary-tree/",
    "Check if a binary tree is subtree of another binary tree | Set 2": "https://www.geeksforgeeks.org/check-binary-tree-subtree-another-binary-tree-set-2/",
    "Check if a given Binary Tree is Heap": "https://www.geeksforgeeks.org/check-if-a-given-binary-tree-is-heap/",
    "Check if a given Binary Tree is SumTree": "https://www.geeksforgeeks.org/check-if-a-given-binary-tree-is-sumtree/",
    "Check if a given Binary Tree is height balanced like a Red-Black Tree": "https://www.geeksforgeeks.org/check-given-binary-tree-follows-height-property-red-black-tree/",
    "Check if a given array can represent Preorder Traversal of Binary Search Tree": "https://www.geeksforgeeks.org/check-if-a-given-array-can-represent-preorder-traversal-of-binary-search-tree/",
    "Check if a given graph is tree or not": "https://www.geeksforgeeks.org/check-given-graph-tree/",
    "Check if all leaves are at same level": "https://www.geeksforgeeks.org/check-leaves-level/",
    "Check if all levels of two trees are anagrams or not": "https://www.geeksforgeeks.org/check-if-all-levels-of-two-trees-are-anagrams-or-not/",
    "Check if an array represents Inorder of Binary Search tree or not": "https://www.geeksforgeeks.org/check-array-represents-inorder-binary-search-tree-not/",
    "Check if given Preorder, Inorder and Postorder traversals are of same tree": "https://www.geeksforgeeks.org/check-if-given-preorder-inorder-and-postorder-traversals-are-of-same-tree/",
    "Check if leaf traversal of two Binary Trees is same?": "https://www.geeksforgeeks.org/check-if-leaf-traversal-of-two-binary-trees-is-same/",
    "Check if removing an edge can divide a Binary Tree in two halves": "https://www.geeksforgeeks.org/check-if-removing-an-edge-can-divide-a-binary-tree-in-two-halves/",
    "Check if the given array can represent Level Order Traversal of Binary Search Tree": "https://www.geeksforgeeks.org/check-given-array-can-represent-level-order-traversal-binary-search-tree/",
    "Check if there is a root to leaf path with given sequence": "https://www.geeksforgeeks.org/check-root-leaf-path-given-sequence/",
    "Check if two nodes are cousins in a Binary Tree": "https://www.geeksforgeeks.org/check-two-nodes-cousins-binary-tree/",
    "Check if two nodes are cousins in a Binary Tree | Set-2": "https://www.geeksforgeeks.org/check-if-two-nodes-are-cousins-in-a-binary-tree-set-2/",
    "Check if two trees are Mirror": "https://www.geeksforgeeks.org/check-if-two-trees-are-mirror/",
    "Check if two trees are Mirror | Set 2": "https://www.geeksforgeeks.org/check-two-trees-mirror-set-2/",
    "Check if two trees are mirror of each other using level order traversal": "https://www.geeksforgeeks.org/check-if-two-trees-are-mirror-of-each-other-using-level-order-traversal/",
    "Check if two trees have same structure": "https://www.geeksforgeeks.org/check-if-two-trees-have-same-structure/",
    "Check mirror in n-ary tree": "https://www.geeksforgeeks.org/check-mirror-n-ary-tree/",
    "Check sum of Covered and Uncovered nodes of Binary Tree": "https://www.geeksforgeeks.org/check-sum-covered-uncovered-nodes-binary-tree/",
    "Check whether BST contains Dead End or not": "https://www.geeksforgeeks.org/check-whether-bst-contains-dead-end-not/",
    "Check whether a binary tree is a complete tree or not | Set 2 (Recursive Solution)": "https://www.geeksforgeeks.org/check-whether-binary-tree-complete-not-set-2-recursive-solution/",
    "Check whether a binary tree is a full binary tree or not": "https://www.geeksforgeeks.org/check-whether-binary-tree-full-binary-tree-not/",
    "Check whether a binary tree is a full binary tree or not | Iterative Approach": "https://www.geeksforgeeks.org/check-whether-binary-tree-full-binary-tree-not-iterative-approach/",
    "Check whether a given Binary Tree is Complete or not | Set 1 (Iterative Solution)": "https://www.geeksforgeeks.org/check-if-a-given-binary-tree-is-complete-tree-or-not/",
    "Check whether a given binary tree is perfect or not": "https://www.geeksforgeeks.org/check-weather-given-binary-tree-perfect-not/",
    "Clone a Binary Tree with Random Pointers": "https://www.geeksforgeeks.org/clone-binary-tree-random-pointers/",
    "Closest leaf to a given node in Binary Tree": "https://www.geeksforgeeks.org/closest-leaf-to-a-given-node-in-binary-tree/",
    "Combinatorics on ordered trees": "https://www.geeksforgeeks.org/combinatorics-ordered-trees/",
    "Complexity of different operations in Binary tree, Binary Search Tree and AVL tree": "https://www.geeksforgeeks.org/complexity-different-operations-binary-tree-binary-search-tree-avl-tree/",
    "Connect Nodes at same Level (Level Order Traversal)": "https://www.geeksforgeeks.org/connect-nodes-level-level-order-traversal/",
    "Connect nodes at same level": "https://www.geeksforgeeks.org/connect-nodes-at-same-level/",
    "Connect nodes at same level using constant extra space": "https://www.geeksforgeeks.org/connect-nodes-at-same-level-with-o1-extra-space/",
    "Construct Ancestor Matrix from a Given Binary Tree": "https://www.geeksforgeeks.org/construct-ancestor-matrix-from-a-given-binary-tree/",
    "Construct BST from given preorder traversal | Set 2": "https://www.geeksforgeeks.org/construct-bst-from-given-preorder-traversal-set-2/",
    "Construct BST from its given level order traversal": "https://www.geeksforgeeks.org/construct-bst-given-level-order-traversal/",
    "Construct Binary Tree from String with bracket representation": "https://www.geeksforgeeks.org/construct-binary-tree-string-bracket-representation/",
    "Construct Binary Tree from given Parent Array representation": "https://www.geeksforgeeks.org/construct-a-binary-tree-from-parent-array-representation/",
    "Construct Complete Binary Tree from its Linked List Representation": "https://www.geeksforgeeks.org/given-linked-list-representation-of-complete-tree-convert-it-to-linked-representation/",
    "Construct Full Binary Tree from given preorder and postorder traversals": "https://www.geeksforgeeks.org/full-and-complete-binary-tree-from-given-preorder-and-postorder-traversals/",
    "Construct Full Binary Tree using its Preorder traversal and Preorder traversal of its mirror tree": "https://www.geeksforgeeks.org/construct-full-binary-tree-using-preorder-traversal-preorder-traversal-mirror-tree/",
    "Construct Special Binary Tree from given Inorder traversal": "https://www.geeksforgeeks.org/construct-binary-tree-from-inorder-traversal/",
    "Construct Tree from given Inorder and Preorder traversals": "https://www.geeksforgeeks.org/construct-tree-from-given-inorder-and-preorder-traversal/",
    "Construct a Binary Search Tree from given postorder": "https://www.geeksforgeeks.org/construct-a-binary-search-tree-from-given-postorder/",
    "Construct a Binary Tree from Postorder and Inorder": "https://www.geeksforgeeks.org/construct-a-binary-tree-from-postorder-and-inorder/",
    "Construct a complete binary tree from given array in level order fashion": "https://www.geeksforgeeks.org/construct-complete-binary-tree-given-array/",
    "Construct a special tree from given preorder traversal": "https://www.geeksforgeeks.org/construct-a-special-tree-from-given-preorder-traversal/",
    "Construct a tree from Inorder and Level order traversals | Set 1": "https://www.geeksforgeeks.org/construct-tree-inorder-level-order-traversals/",
    "Construct a tree from Inorder and Level order traversals | Set 2": "https://www.geeksforgeeks.org/construct-tree-inorder-level-order-traversals-set-2/",
    "Construct the full k-ary tree from its preorder traversal": "https://www.geeksforgeeks.org/construct-full-k-ary-tree-preorder-traversal/",
    "Construct tree from ancestor matrix": "https://www.geeksforgeeks.org/construct-tree-from-ancestor-matrix/",
    "Continuous Tree": "https://www.geeksforgeeks.org/continuous-tree/",
    "Convert Ternary Expression to a Binary Tree": "https://www.geeksforgeeks.org/convert-ternary-expression-binary-tree/",
    "Convert a Binary Tree into Doubly Linked List in spiral fashion": "https://www.geeksforgeeks.org/convert-a-binary-tree-into-doubly-linked-list-in-spiral-fashion/",
    "Convert a Binary Tree into its Mirror Tree": "https://www.geeksforgeeks.org/write-an-efficient-c-function-to-convert-a-tree-into-its-mirror-tree/",
    "Convert a Binary Tree such that every node stores the sum of all nodes in its right subtree": "https://www.geeksforgeeks.org/convert-a-binary-tree-such-that-every-node-stores-the-sum-of-all-nodes-in-its-right-subtree/",
    "Convert a Binary Tree to Threaded binary tree | Set 1 (Using Queue)": "https://www.geeksforgeeks.org/convert-binary-tree-threaded-binary-tree-2/",
    "Convert a Binary Tree to Threaded binary tree | Set 2 (Efficient)": "https://www.geeksforgeeks.org/convert-binary-tree-threaded-binary-tree-set-2-efficient/",
    "Convert a Binary Tree to a Circular Doubly Link List": "https://www.geeksforgeeks.org/convert-a-binary-tree-to-a-circular-doubly-link-list/",
    "Convert a given Binary Tree to Doubly Linked List | Set 1": "https://www.geeksforgeeks.org/in-place-convert-a-given-binary-tree-to-doubly-linked-list/",
    "Convert a given Binary Tree to Doubly Linked List | Set 2": "https://www.geeksforgeeks.org/convert-a-given-binary-tree-to-doubly-linked-list-set-2/",
    "Convert a given Binary Tree to Doubly Linked List | Set 3": "https://www.geeksforgeeks.org/convert-given-binary-tree-doubly-linked-list-set-3/",
    "Convert a given Binary Tree to Doubly Linked List | Set 4": "https://www.geeksforgeeks.org/convert-a-given-binary-tree-to-doubly-linked-list-set-4/",
    "Convert a given Binary tree to a tree that holds Logical AND property": "https://www.geeksforgeeks.org/convert-given-binary-tree-tree-holds-logical-property/",
    "Convert a given tree to its Sum Tree": "https://www.geeksforgeeks.org/convert-a-given-tree-to-sum-tree/",
    "Convert a normal BST to Balanced BST": "https://www.geeksforgeeks.org/convert-normal-bst-balanced-bst/",
    "Convert a tree to forest of even nodes": "https://www.geeksforgeeks.org/convert-tree-forest-even-nodes/",
    "Convert an arbitrary Binary Tree to a tree that holds Children Sum Property": "https://www.geeksforgeeks.org/convert-an-arbitrary-binary-tree-to-a-tree-that-holds-children-sum-property/",
    "Convert left-right representation of a binary tree to down-right": "https://www.geeksforgeeks.org/convert-left-right-representation-bianry-tree-right/",
    "Count BST nodes that lie in a given range": "https://www.geeksforgeeks.org/count-bst-nodes-that-are-in-a-given-range/",
    "Count Balanced Binary Trees of Height h": "https://www.geeksforgeeks.org/count-balanced-binary-trees-height-h/",
    "Count Non-Leaf nodes in a Binary Tree": "https://www.geeksforgeeks.org/count-non-leaf-nodes-binary-tree/",
    "Count elements which divide all numbers in range L-R": "https://www.geeksforgeeks.org/count-elements-which-divide-all-numbers-in-range-l-r/",
    "Count full nodes in a Binary tree (Iterative and Recursive)": "https://www.geeksforgeeks.org/count-full-nodes-binary-tree-iterative-recursive/",
    "Count half nodes in a Binary tree (Iterative and Recursive)": "https://www.geeksforgeeks.org/count-half-nodes-in-a-binary-tree-iterative-and-recursive/",
    "Count pairs in a binary tree whose sum is equal to a given value x": "https://www.geeksforgeeks.org/count-pairs-in-a-binary-tree-whose-sum-is-equal-to-a-given-value-x/",
    "Count subtrees that sum up to a given value x": "https://www.geeksforgeeks.org/count-subtress-sum-given-value-x/",
    "Count the number of nodes at given level in a tree using BFS.": "https://www.geeksforgeeks.org/count-number-nodes-given-level-using-bfs/",
    "Counting the number of words in a Trie": "https://www.geeksforgeeks.org/counting-number-words-trie/",
    "Create a Doubly Linked List from a Ternary Tree": "https://www.geeksforgeeks.org/create-doubly-linked-list-ternary-ree/",
    "Create loops of even and odd values in a binary tree": "https://www.geeksforgeeks.org/create-loops-of-even-and-odd-values-in-a-binary-tree/",
    "Creating a tree with Left-Child Right-Sibling Representation": "https://www.geeksforgeeks.org/creating-tree-left-child-right-sibling-representation/",
    "Custom Tree Problem": "https://www.geeksforgeeks.org/custom-tree-problem/",
    "DFS for a n-ary tree (acyclic graph) represented as adjacency list": "https://www.geeksforgeeks.org/dfs-n-ary-tree-acyclic-graph-represented-adjacency-list/",
    "Decision Tree": "https://www.geeksforgeeks.org/decision-tree/",
    "Deepest left leaf node in a binary tree": "https://www.geeksforgeeks.org/deepest-left-leaf-node-in-a-binary-tree/",
    "Deepest left leaf node in a binary tree | iterative approach": "https://www.geeksforgeeks.org/deepest-left-leaf-node-binary-tree-iterative-approach/",
    "Deepest right leaf node in a binary tree | Iterative approach": "https://www.geeksforgeeks.org/deepest-right-leaf-node-binary-tree-iterative-approach/",
    "Delete leaf nodes with value as x": "https://www.geeksforgeeks.org/delete-leaf-nodes-value-x/",
    "Delete leaf nodes with value k": "https://www.geeksforgeeks.org/delete-leaf-nodes-with-value-k/",
    "Deleting a binary tree using the delete keyword": "https://www.geeksforgeeks.org/deleting-a-binary-tree-using-the-delete-keyword/",
    "Deletion in a  Binary Tree": "https://www.geeksforgeeks.org/deletion-binary-tree/",
    "Density of Binary Tree in One Traversal": "https://www.geeksforgeeks.org/density-of-binary-tree-in-one-traversal/",
    "Depth of an N-Ary tree": "https://www.geeksforgeeks.org/depth-n-ary-tree/",
    "Depth of the deepest odd level node in Binary Tree": "https://www.geeksforgeeks.org/depth-deepest-odd-level-node-binary-tree/",
    "Diagonal Sum of a Binary Tree": "https://www.geeksforgeeks.org/diagonal-sum-binary-tree/",
    "Diagonal Traversal of Binary Tree": "https://www.geeksforgeeks.org/diagonal-traversal-of-binary-tree/",
    "Diameter of a Binary Tree": "https://www.geeksforgeeks.org/diameter-of-a-binary-tree/",
    "Diameter of a Binary Tree in O(n) [A new method]": "https://www.geeksforgeeks.org/diameter-of-a-binary-tree-in-on-a-new-method/",
    "Diameter of a tree using DFS": "https://www.geeksforgeeks.org/diameter-tree-using-dfs/",
    "Diameter of an N-ary tree": "https://www.geeksforgeeks.org/diameter-n-ary-tree/",
    "Diameter of n-ary tree using BFS": "https://www.geeksforgeeks.org/diameter-n-ary-tree-using-bfs/",
    "Difference between sums of odd level and even level nodes of a Binary Tree": "https://www.geeksforgeeks.org/difference-between-sums-of-odd-and-even-levels/",
    "Disjoint Set Union on trees | Set 1": "https://www.geeksforgeeks.org/disjoint-set-union-trees-set-1/",
    "Disjoint Set Union on trees | Set 2": "https://www.geeksforgeeks.org/disjoint-set-union-trees-set-2/",
    "Double Tree": "https://www.geeksforgeeks.org/double-tree/",
    "Dynamic Programming on Trees | Set 2": "https://www.geeksforgeeks.org/dynamic-programming-trees-set-2/",
    "Dynamic Programming on Trees | Set-1": "https://www.geeksforgeeks.org/dynamic-programming-trees-set-1/",
    "Enumeration of Binary Trees": "https://www.geeksforgeeks.org/enumeration-of-binary-trees/",
    "Euler Tour of Tree": "https://www.geeksforgeeks.org/euler-tour-tree/",
    "Euler Tour | Subtree Sum using Segment Tree": "https://www.geeksforgeeks.org/euler-tour-subtree-sum-using-segment-tree/",
    "Euler tour of Binary Tree": "https://www.geeksforgeeks.org/euler-tour-binary-tree/",
    "Evaluation of Expression Tree": "https://www.geeksforgeeks.org/evaluation-of-expression-tree/",
    "Expression Tree": "https://www.geeksforgeeks.org/expression-tree/",
    "Extract Leaves of a Binary Tree in a Doubly Linked List": "https://www.geeksforgeeks.org/connect-leaves-doubly-linked-list/",
    "Factor Tree of a given Number": "https://www.geeksforgeeks.org/factor-tree-of-a-given-number/",
    "Find All Duplicate Subtrees": "https://www.geeksforgeeks.org/find-duplicate-subtrees/",
    "Find Count of Single Valued Subtrees": "https://www.geeksforgeeks.org/find-count-of-singly-subtrees/",
    "Find Height of Binary Tree represented by Parent array": "https://www.geeksforgeeks.org/find-height-binary-tree-represented-parent-array/",
    "Find LCA in Binary Tree using RMQ": "https://www.geeksforgeeks.org/find-lca-in-binary-tree-using-rmq/",
    "Find Minimum Depth of a Binary Tree": "https://www.geeksforgeeks.org/find-minimum-depth-of-a-binary-tree/",
    "Find a number in minimum steps": "https://www.geeksforgeeks.org/find-a-number-in-minimum-steps/",
    "Find all possible binary trees with given Inorder Traversal": "https://www.geeksforgeeks.org/find-all-possible-trees-with-given-inorder-traversal/",
    "Find depth of the deepest odd level leaf node": "https://www.geeksforgeeks.org/find-depth-of-the-deepest-odd-level-node/",
    "Find distance between two nodes of a Binary Tree": "https://www.geeksforgeeks.org/find-distance-between-two-nodes-of-a-binary-tree/",
    "Find distance from root to given node in a binary tree": "https://www.geeksforgeeks.org/find-distance-root-given-node-binary-tree/",
    "Find first non matching leaves in two binary trees": "https://www.geeksforgeeks.org/find-first-non-matching-leaves-two-binary-trees/",
    "Find height of a special binary tree whose leaf nodes are connected": "https://www.geeksforgeeks.org/find-height-of-a-special-binary-tree-whose-leaf-nodes-are-connected/",
    "Find if given vertical level of binary tree is sorted or not": "https://www.geeksforgeeks.org/find-given-vertical-level-binary-tree-sorted-not/",
    "Find if there is a pair in root to a leaf path with sum equals to root’s data": "https://www.geeksforgeeks.org/find-pair-root-leaf-path-sum-equals-roots-data/",
    "Find largest subtree having identical left and right subtrees": "https://www.geeksforgeeks.org/find-largest-subtree-having-identical-left-and-right-subtrees/",
    "Find largest subtree sum in a tree": "https://www.geeksforgeeks.org/find-largest-subtree-sum-tree/",
    "Find maximum (or minimum) in Binary Tree": "https://www.geeksforgeeks.org/find-maximum-or-minimum-in-binary-tree/",
    "Find maximum level product in Binary Tree": "https://www.geeksforgeeks.org/find-maximum-level-product-binary-tree/",
    "Find maximum level sum in Binary Tree": "https://www.geeksforgeeks.org/find-level-maximum-sum-binary-tree/",
    "Find maximum vertical sum in binary tree": "https://www.geeksforgeeks.org/find-maximum-vertical-sum-in-binary-tree/",
    "Find mirror of a given node in Binary tree": "https://www.geeksforgeeks.org/find-mirror-given-node-binary-tree/",
    "Find multiplication of sums of data of leaves at same levels": "https://www.geeksforgeeks.org/find-multiplication-of-sums-of-data-of-all-leaves-at-sane-levels/",
    "Find n-th node in Postorder traversal of a Binary Tree": "https://www.geeksforgeeks.org/find-n-th-node-in-postorder-traversal-of-a-binary-tree/",
    "Find n-th node in Preorder traversal of a Binary Tree": "https://www.geeksforgeeks.org/find-n-th-node-in-preorder-traversal-of-a-binary-tree/",
    "Find n-th node of inorder traversal": "https://www.geeksforgeeks.org/find-n-th-node-inorder-traversal/",
    "Find next right node of a given key": "https://www.geeksforgeeks.org/find-next-right-node-of-a-given-key/",
    "Find next right node of a given key | Set 2": "https://www.geeksforgeeks.org/find-next-right-node-given-key-set-2/",
    "Find right sibling of a binary tree with parent pointers": "https://www.geeksforgeeks.org/find-right-sibling-binary-tree-parent-pointers/",
    "Find root of the tree where children id sum for every node is given": "https://www.geeksforgeeks.org/find-root-tree-children-id-sum-every-node-given/",
    "Find sum of all left leaves in a given Binary Tree": "https://www.geeksforgeeks.org/find-sum-left-leaves-given-binary-tree/",
    "Find sum of all nodes of the given perfect binary tree": "https://www.geeksforgeeks.org/find-sum-nodes-given-perfect-binary-tree/",
    "Find sum of all right leaves in a given Binary Tree": "https://www.geeksforgeeks.org/find-sum-right-leaves-given-binary-tree/",
    "Find the Deepest Node in a Binary Tree": "https://www.geeksforgeeks.org/find-deepest-node-binary-tree/",
    "Find the closest element in Binary Search Tree": "https://www.geeksforgeeks.org/find-closest-element-binary-search-tree/",
    "Find the closest leaf in a Binary Tree": "https://www.geeksforgeeks.org/find-closest-leaf-binary-tree/",
    "Find the largest BST subtree in a given Binary Tree | Set 1": "https://www.geeksforgeeks.org/find-the-largest-subtree-in-a-tree-that-is-also-a-bst/",
    "Find the maximum node at a given level in a binary tree": "https://www.geeksforgeeks.org/find-the-maximum-node-at-a-given-level-in-a-binary-tree/",
    "Find the maximum path sum between two leaves of a binary tree": "https://www.geeksforgeeks.org/find-maximum-path-sum-two-leaves-binary-tree/",
    "Find the maximum sum leaf to root path in a Binary Tree": "https://www.geeksforgeeks.org/find-the-maximum-sum-path-in-a-binary-tree/",
    "Find the node with minimum value in a Binary Search Tree": "https://www.geeksforgeeks.org/find-the-minimum-element-in-a-binary-search-tree/",
    "Flatten a binary tree into linked list": "https://www.geeksforgeeks.org/flatten-a-binary-tree-into-linked-list/",
    "Flatten a binary tree into linked list | Set-2": "https://www.geeksforgeeks.org/flatten-a-binary-tree-into-linked-list-set-2/",
    "Flip Binary Tree": "https://www.geeksforgeeks.org/flip-binary-tree/",
    "Foldable Binary Trees": "https://www.geeksforgeeks.org/foldable-binary-trees/",
    "General Tree (Each node can have arbitrary number of children) Level Order Traversal": "https://www.geeksforgeeks.org/generic-tree-level-order-traversal/",
    "Get Level of a node in a Binary Tree": "https://www.geeksforgeeks.org/get-level-of-a-node-in-a-binary-tree/",
    "Get level of a node in binary tree | iterative approach": "https://www.geeksforgeeks.org/get-level-node-binary-tree-iterative-approach/",
    "Get maximum left node in binary tree": "https://www.geeksforgeeks.org/get-maximum-left-node-binary-tree/",
    "Given a binary tree, how do you remove all the half nodes?": "https://www.geeksforgeeks.org/given-a-binary-tree-how-do-you-remove-all-the-half-nodes/",
    "Given a binary tree, print all root-to-leaf paths": "https://www.geeksforgeeks.org/given-a-binary-tree-print-all-root-to-leaf-paths/",
    "Given a binary tree, print out all of its root-to-leaf paths one per line.": "https://www.geeksforgeeks.org/given-a-binary-tree-print-out-all-of-its-root-to-leaf-paths-one-per-line/",
    "Given a n-ary tree, count number of nodes which have more number of children than parents": "https://www.geeksforgeeks.org/given-n-ary-tree-count-number-nodes-number-children-parent/",
    "Given level order traversal of a Binary Tree, check if the Tree is a Min-Heap": "https://www.geeksforgeeks.org/given-level-order-traversal-binary-tree-check-tree-min-heap/",
    "Handshaking Lemma and Interesting Tree Properties": "https://www.geeksforgeeks.org/handshaking-lemma-and-interesting-tree-properties/",
    "HashSet vs TreeSet in Java": "https://www.geeksforgeeks.org/hashset-vs-treeset-in-java/",
    "Height of a complete binary tree (or Heap) with N nodes": "https://www.geeksforgeeks.org/height-complete-binary-tree-heap-n-nodes/",
    "Height of a generic tree from parent array": "https://www.geeksforgeeks.org/height-generic-tree-parent-array/",
    "Height of binary tree considering even level leaves only": "https://www.geeksforgeeks.org/height-binary-tree-considering-even-level-leaves/",
    "Height of n-ary tree if parent array is given": "https://www.geeksforgeeks.org/height-n-ary-tree-parent-array-given/",
    "How to determine if a binary tree is height-balanced?": "https://www.geeksforgeeks.org/how-to-determine-if-a-binary-tree-is-balanced/",
    "If you are given two traversal sequences, can you construct the binary tree?": "https://www.geeksforgeeks.org/if-you-are-given-two-traversal-sequences-can-you-construct-the-binary-tree/",
    "Immediate Smaller element in an N-ary Tree": "https://www.geeksforgeeks.org/immediate-smaller-element-n-ary-tree/",
    "Implementation of Binary Search Tree in Javascript": "https://www.geeksforgeeks.org/implementation-binary-search-tree-javascript/",
    "Inorder Non-threaded Binary Tree Traversal without Recursion or Stack": "https://www.geeksforgeeks.org/inorder-non-threaded-binary-tree-traversal-without-recursion-or-stack/",
    "Inorder Successor of a node in Binary Tree": "https://www.geeksforgeeks.org/inorder-succesor-node-binary-tree/",
    "Inorder Tree Traversal without Recursion": "https://www.geeksforgeeks.org/inorder-tree-traversal-without-recursion/",
    "Inorder Tree Traversal without recursion and without stack!": "https://www.geeksforgeeks.org/inorder-tree-traversal-without-recursion-and-without-stack/",
    "Inorder predecessor and successor for a given key in BST": "https://www.geeksforgeeks.org/inorder-predecessor-successor-given-key-bst/",
    "Insertion in a Binary Tree": "https://www.geeksforgeeks.org/insertion-binary-tree/",
    "Iterative Method to find Height of Binary Tree": "https://www.geeksforgeeks.org/iterative-method-to-find-height-of-binary-tree/",
    "Iterative Postorder Traversal | Set 1 (Using Two Stacks)": "https://www.geeksforgeeks.org/iterative-postorder-traversal/",
    "Iterative Postorder Traversal | Set 2 (Using One Stack)": "https://www.geeksforgeeks.org/iterative-postorder-traversal-using-stack/",
    "Iterative Preorder Traversal": "https://www.geeksforgeeks.org/iterative-preorder-traversal/",
    "Iterative Preorder Traversal of an N-ary Tree": "https://www.geeksforgeeks.org/iterative-preorder-traversal-of-a-n-ary-tree/",
    "Iterative Search for a key ‘x’ in Binary Tree": "https://www.geeksforgeeks.org/iterative-search-for-a-key-x-in-binary-tree/",
    "Iterative Segment Tree (Range Maximum Query with Node Update)": "https://www.geeksforgeeks.org/iterative-segment-tree-range-maximum-query-with-node-update/",
    "Iterative Segment Tree (Range Minimum Query)": "https://www.geeksforgeeks.org/iterative-segment-tree-range-minimum-query/",
    "Iterative diagonal traversal of binary tree": "https://www.geeksforgeeks.org/iterative-diagonal-traversal-binary-tree/",
    "Iterative function to check if two trees are identical": "https://www.geeksforgeeks.org/iterative-function-check-two-trees-identical/",
    "Iterative method to check if two trees are mirror of each other": "https://www.geeksforgeeks.org/iterative-method-check-two-trees-mirror/",
    "Iterative method to find ancestors of a given binary tree": "https://www.geeksforgeeks.org/iterative-method-to-find-ancestors-of-a-given-binary-tree/",
    "Iterative program to Calculate Size of a tree": "https://www.geeksforgeeks.org/write-program-calculate-size-tree-iterative/",
    "Iterative program to count leaf nodes in a Binary Tree": "https://www.geeksforgeeks.org/iterative-program-count-leaf-nodes-binary-tree/",
    "K-th ancestor of a node in Binary Tree": "https://www.geeksforgeeks.org/kth-ancestor-node-binary-tree/",
    "Kth ancestor of a node in binary tree | Set 2": "https://www.geeksforgeeks.org/kth-ancestor-node-binary-tree-set-2/",
    "K’th Largest Element in BST when modification to BST is not allowed": "https://www.geeksforgeeks.org/kth-largest-element-in-bst-when-modification-to-bst-is-not-allowed/",
    "LCA for general or n-ary trees  (Sparse Matrix DP approach < O(nlogn), O(logn)>)": "https://www.geeksforgeeks.org/lca-for-general-or-n-ary-trees-sparse-matrix-dp-approach-onlogn-ologn/",
    "LCA for n-ary Tree | Constant Query O(1)": "https://www.geeksforgeeks.org/lca-n-ary-tree-constant-query-o1/",
    "Largest BST in a Binary Tree | Set 2": "https://www.geeksforgeeks.org/largest-bst-binary-tree-set-2/",
    "Largest Independent Set Problem | DP-26": "https://www.geeksforgeeks.org/largest-independent-set-problem-dp-26/",
    "Largest number in BST which is less than or equal to N": "https://www.geeksforgeeks.org/largest-number-bst-less-equal-n/",
    "Largest value in each level of Binary Tree": "https://www.geeksforgeeks.org/largest-value-level-binary-tree/",
    "Largest value in each level of Binary Tree | Set-2 (Iterative Approach)": "https://www.geeksforgeeks.org/largest-value-level-binary-tree-set-2-iterative-approach/",
    "Leaf nodes from Preorder of a Binary Search Tree (Using Recursion)": "https://www.geeksforgeeks.org/leaf-nodes-preorder-binary-search-treeusing-recursion/",
    "Left-Child Right-Sibling Representation of Tree": "https://www.geeksforgeeks.org/left-child-right-sibling-representation-tree/",
    "Leftist Tree / Leftist Heap": "https://www.geeksforgeeks.org/leftist-tree-leftist-heap/",
    "Level Ancestor Problem": "https://www.geeksforgeeks.org/level-ancestor-problem/",
    "Level Order Tree Traversal": "https://www.geeksforgeeks.org/level-order-tree-traversal/",
    "Level order traversal in spiral form": "https://www.geeksforgeeks.org/level-order-traversal-in-spiral-form/",
    "Level order traversal in spiral form | Using one stack and one queue": "https://www.geeksforgeeks.org/level-order-traversal-in-spiral-form-using-one-stack-and-one-queue/",
    "Level order traversal line by line | Set 2 (Using Two Queues)": "https://www.geeksforgeeks.org/level-order-traversal-line-line-set-2-using-two-queues/",
    "Level order traversal line by line | Set 3 (Using One Queue)": "https://www.geeksforgeeks.org/level-order-traversal-line-line-set-3-using-one-queue/",
    "Level order traversal with direction change after every two levels": "https://www.geeksforgeeks.org/level-order-traversal-direction-change-every-two-levels/",
    "Level with maximum number of nodes": "https://www.geeksforgeeks.org/level-maximum-number-nodes/",
    "Levelwise Alternating GCD and LCM of nodes in Segment Tree": "https://www.geeksforgeeks.org/levelwise-alternating-gcd-lcm-nodes-segment-tree/",
    "Linked complete binary tree & its creation": "https://www.geeksforgeeks.org/linked-complete-binary-tree-its-creation/",
    "Locking and Unlocking of Resources arranged in the form of n-ary Tree": "https://www.geeksforgeeks.org/locking-and-unlocking-of-resources-in-the-form-of-n-ary-tree/",
    "Longest Path with Same Values in a Binary Tree": "https://www.geeksforgeeks.org/longest-path-values-binary-tree/",
    "Longest consecutive sequence in Binary tree": "https://www.geeksforgeeks.org/longest-consecutive-sequence-binary-tree/",
    "Longest path in an undirected tree": "https://www.geeksforgeeks.org/longest-path-undirected-tree/",
    "Longest word in ternary search tree": "https://www.geeksforgeeks.org/longest-word-ternary-search-tree/",
    "Lowest Common Ancestor in Parent Array Representation": "https://www.geeksforgeeks.org/lowest-common-ancestor-in-parent-array-representation/",
    "Lowest Common Ancestor in a Binary Search Tree.": "https://www.geeksforgeeks.org/lowest-common-ancestor-in-a-binary-search-tree/",
    "Lowest Common Ancestor in a Binary Tree | Set 1": "https://www.geeksforgeeks.org/lowest-common-ancestor-binary-tree-set-1/",
    "Lowest Common Ancestor in a Binary Tree | Set 2 (Using Parent Pointer)": "https://www.geeksforgeeks.org/lowest-common-ancestor-in-a-binary-tree-set-2-using-parent-pointer/",
    "Lowest Common Ancestor in a Binary Tree | Set 3 (Using RMQ)": "https://www.geeksforgeeks.org/lowest-common-ancestor-in-a-binary-tree-set-3-using-rmq/",
    "Maximum Consecutive Increasing Path Length in Binary Tree": "https://www.geeksforgeeks.org/maximum-consecutive-increasing-path-length-in-binary-tree/",
    "Maximum Path Sum in a Binary Tree": "https://www.geeksforgeeks.org/find-maximum-path-sum-in-a-binary-tree/",
    "Maximum difference between node and its ancestor in Binary Tree": "https://www.geeksforgeeks.org/maximum-difference-between-node-and-its-ancestor-in-binary-tree/",
    "Maximum edge removal from tree to make even forest": "https://www.geeksforgeeks.org/maximum-edge-removal-tree-make-even-forest/",
    "Maximum parent children sum in Binary tree": "https://www.geeksforgeeks.org/maximum-parent-children-sum-in-binary-tree/",
    "Maximum spiral sum in Binary Tree": "https://www.geeksforgeeks.org/maximum-spiral-sum-in-binary-tree/",
    "Maximum sum from a tree with adjacent levels not allowed": "https://www.geeksforgeeks.org/maximum-sum-tree-adjacent-levels-not-allowed/",
    "Maximum sum of nodes in Binary tree such that no two are adjacent": "https://www.geeksforgeeks.org/maximum-sum-nodes-binary-tree-no-two-adjacent/",
    "Maximum width of a binary tree": "https://www.geeksforgeeks.org/maximum-width-of-a-binary-tree/",
    "Merge Sort Tree for Range Order Statistics": "https://www.geeksforgeeks.org/merge-sort-tree-for-range-order-statistics/",
    "Merge Two Binary Trees by doing Node Sum (Recursive and Iterative)": "https://www.geeksforgeeks.org/merge-two-binary-trees-node-sum/",
    "Merge two BSTs with limited extra space": "https://www.geeksforgeeks.org/merge-two-bsts-with-limited-extra-space/",
    "Minimum no. of iterations to pass information to all nodes in the tree": "https://www.geeksforgeeks.org/minimum-iterations-pass-information-nodes-tree/",
    "Minimum swap required to convert binary tree to binary search tree": "https://www.geeksforgeeks.org/minimum-swap-required-convert-binary-tree-binary-search-tree/",
    "Mirror of n-ary Tree": "https://www.geeksforgeeks.org/mirror-of-n-ary-tree/",
    "Modify a binary tree to get preorder traversal using right pointers only": "https://www.geeksforgeeks.org/modify-binary-tree-get-preorder-traversal-using-right-pointers/",
    "Morris traversal for Preorder": "https://www.geeksforgeeks.org/morris-traversal-for-preorder/",
    "Next Larger element in n-ary tree": "https://www.geeksforgeeks.org/next-larger-element-n-ary-tree/",
    "Node having maximum sum of immediate children and itself in n-ary tree": "https://www.geeksforgeeks.org/node-maximum-sum-immediate-children-n-ary-tree/",
    "Non-recursive program to delete an entire binary tree": "https://www.geeksforgeeks.org/non-recursive-program-to-delete-an-entire-binary-tree/",
    "Number of Binary Trees for given Preorder Sequence length": "https://www.geeksforgeeks.org/number-of-binary-trees-for-given-preorder-sequence-length/",
    "Number of children of given node in n-ary Tree": "https://www.geeksforgeeks.org/number-children-given-node-n-ary-tree/",
    "Number of full binary trees such that each node is product of its children": "https://www.geeksforgeeks.org/number-full-binary-trees-node-product-children/",
    "Number of nodes greater than a given value in n-ary tree": "https://www.geeksforgeeks.org/number-nodes-greater-given-value-n-ary-tree/",
    "Number of siblings of a given Node in n-ary Tree": "https://www.geeksforgeeks.org/number-siblings-given-node-n-ary-tree/",
    "Number of subtrees having odd count of even numbers": "https://www.geeksforgeeks.org/number-subtrees-odd-count-even-numbers/",
    "Number of turns to reach from one node to other in binary tree": "https://www.geeksforgeeks.org/number-turns-reach-one-node-binary-tree/",
    "Number of ways to traverse an N-ary tree": "https://www.geeksforgeeks.org/number-of-ways-to-traverse-an-n-ary-tree/",
    "Overview of Data Structures | Set 2 (Binary Tree, BST, Heap and Hash)": "https://www.geeksforgeeks.org/overview-of-data-structures-set-2-binary-tree-bst-heap-and-hash/",
    "Pairs involved in Balanced Parentheses": "https://www.geeksforgeeks.org/pairs-involved-balanced-parentheses/",
    "Pairwise Swap  leaf nodes in a binary tree": "https://www.geeksforgeeks.org/pairwise-swap-leaf-nodes-binary-tree/",
    "Palindromic Tree | Introduction & Implementation": "https://www.geeksforgeeks.org/palindromic-tree-introduction-implementation/",
    "Path length having maximum number of bends": "https://www.geeksforgeeks.org/path-length-maximum-number-bends/",
    "Perfect Binary Tree Specific Level Order Traversal": "https://www.geeksforgeeks.org/perfect-binary-tree-specific-level-order-traversal/",
    "Perfect Binary Tree Specific Level Order Traversal | Set 2": "https://www.geeksforgeeks.org/perfect-binary-tree-specific-level-order-traversal-set-2/",
    "Persistent Segment Tree | Set 1 (Introduction)": "https://www.geeksforgeeks.org/persistent-segment-tree-set-1-introduction/",
    "Populate Inorder Successor for all nodes": "https://www.geeksforgeeks.org/populate-inorder-successor-for-all-nodes/",
    "Possible edges of a tree  for given diameter, height and vertices": "https://www.geeksforgeeks.org/print-possible-edges-tree-given-diameter-height-vertices/",
    "Postorder predecessor of a Node in Binary Search Tree": "https://www.geeksforgeeks.org/postorder-predecessor-node-binary-search-tree/",
    "Postorder successor of a Node in Binary Tree": "https://www.geeksforgeeks.org/postorder-successor-node-binary-tree/",
    "Postorder traversal of Binary Tree without recursion and without stack": "https://www.geeksforgeeks.org/postorder-traversal-binary-tree-without-recursion-without-stack/",
    "Practice questions on Height balanced/AVL Tree": "https://www.geeksforgeeks.org/practice-questions-height-balancedavl-tree/",
    "Preorder Successor of a Node in Binary Tree": "https://www.geeksforgeeks.org/preorder-successor-node-binary-tree/",
    "Preorder Traversal of N-ary Tree Without Recursion": "https://www.geeksforgeeks.org/preorder-traversal-of-n-ary-tree-without-recursion/",
    "Preorder from Inorder and Postorder traversals": "https://www.geeksforgeeks.org/preorder-from-inorder-and-postorder-traversals/",
    "Preorder predecessor of a Node in Binary Tree": "https://www.geeksforgeeks.org/preorder-predecessor-node-binary-tree/",
    "Print Ancestors of a given node in Binary Tree": "https://www.geeksforgeeks.org/print-ancestors-of-a-given-node-in-binary-tree/",
    "Print BST keys in the given range": "https://www.geeksforgeeks.org/print-bst-keys-in-the-given-range/",
    "Print Binary Tree in 2-Dimensions": "https://www.geeksforgeeks.org/print-binary-tree-2-dimensions/",
    "Print Binary Tree levels in sorted order": "https://www.geeksforgeeks.org/print-binary-tree-levels-sorted-order/",
    "Print Binary Tree levels in sorted order | Set 2 (Using set)": "https://www.geeksforgeeks.org/print-binary-tree-levels-sorted-order-2/",
    "Print Common Nodes in Two Binary Search Trees": "https://www.geeksforgeeks.org/print-common-nodes-in-two-binary-search-trees/",
    "Print Left View of a Binary Tree": "https://www.geeksforgeeks.org/print-left-view-binary-tree/",
    "Print Levels of all nodes in a Binary Tree": "https://www.geeksforgeeks.org/print-levels-nodes-binary-tree/",
    "Print Nodes in Top View of Binary Tree": "https://www.geeksforgeeks.org/print-nodes-top-view-binary-tree/",
    "Print Postorder traversal from given Inorder and Preorder traversals": "https://www.geeksforgeeks.org/print-postorder-from-given-inorder-and-preorder-traversals/",
    "Print Right View of a Binary Tree": "https://www.geeksforgeeks.org/print-right-view-binary-tree-2/",
    "Print a Binary Tree in Vertical Order | Set 1": "https://www.geeksforgeeks.org/print-binary-tree-vertical-order/",
    "Print a Binary Tree in Vertical Order | Set 2 (Map based Method)": "https://www.geeksforgeeks.org/print-binary-tree-vertical-order-set-2/",
    "Print a Binary Tree in Vertical Order | Set 3 (Using Level Order Traversal)": "https://www.geeksforgeeks.org/print-a-binary-tree-in-vertical-order-set-3-using-level-order-traversal/",
    "Print all full nodes in a Binary Tree": "https://www.geeksforgeeks.org/print-full-nodes-binary-tree/",
    "Print all k-sum paths in a binary tree": "https://www.geeksforgeeks.org/print-k-sum-paths-binary-tree/",
    "Print all leaf nodes  of a Binary Tree from left to right": "https://www.geeksforgeeks.org/print-leaf-nodes-left-right-binary-tree/",
    "Print all nodes at distance k from a given node": "https://www.geeksforgeeks.org/print-nodes-distance-k-given-node-binary-tree/",
    "Print all nodes in a binary tree having K leaves": "https://www.geeksforgeeks.org/print-nodes-binary-tree-k-leaves/",
    "Print all nodes that are at distance k from a leaf node": "https://www.geeksforgeeks.org/print-nodes-distance-k-leaf-node/",
    "Print all nodes that don’t have sibling": "https://www.geeksforgeeks.org/print-nodes-dont-sibling-binary-tree/",
    "Print all root to leaf paths with there relative positions": "https://www.geeksforgeeks.org/print-all-root-to-leaf-paths-with-there-relative-positions/",
    "Print all the paths from root, with a specified sum in Binary tree": "https://www.geeksforgeeks.org/print-paths-root-specified-sum-binary-tree/",
    "Print common nodes on path from root (or common ancestors)": "https://www.geeksforgeeks.org/print-common-nodes-path-root-common-ancestors/",
    "Print cousins of a given node in Binary Tree": "https://www.geeksforgeeks.org/print-cousins-of-a-given-node-in-binary-tree/",
    "Print cousins of a given node in Binary Tree | Single Traversal": "https://www.geeksforgeeks.org/print-cousins-of-a-given-node-in-binary-tree-single-traversal/",
    "Print extreme nodes of each level of Binary Tree in alternate order": "https://www.geeksforgeeks.org/print-extreme-nodes-of-each-level-of-binary-tree-in-alternate-order/",
    "Print leftmost and rightmost nodes of a Binary Tree": "https://www.geeksforgeeks.org/print-leftmost-and-rightmost-nodes-of-a-binary-tree/",
    "Print level order traversal line by line | Set 1": "https://www.geeksforgeeks.org/print-level-order-traversal-line-line/",
    "Print middle level of perfect binary tree without finding height": "https://www.geeksforgeeks.org/print-middle-level-perfect-binary-tree-without-finding-height/",
    "Print nodes at k distance from root": "https://www.geeksforgeeks.org/print-nodes-at-k-distance-from-root/",
    "Print nodes at k distance from root | Iterative": "https://www.geeksforgeeks.org/print-nodes-k-distance-root-iterative/",
    "Print nodes between two given level numbers of a binary tree": "https://www.geeksforgeeks.org/given-binary-tree-print-nodes-two-given-level-numbers/",
    "Print nodes in top view of Binary Tree | Set 2": "https://www.geeksforgeeks.org/print-nodes-in-top-view-of-binary-tree-set-2/",
    "Print path from root to a given node in a binary tree": "https://www.geeksforgeeks.org/print-path-root-given-node-binary-tree/",
    "Print root to leaf paths without using recursion": "https://www.geeksforgeeks.org/print-root-leaf-path-without-using-recursion/",
    "Print the longest leaf to leaf path in a Binary tree": "https://www.geeksforgeeks.org/print-longest-leaf-leaf-path-binary-tree/",
    "Print the nodes at odd levels of a tree": "https://www.geeksforgeeks.org/print-nodes-odd-levels-tree/",
    "Print the path common to the two paths from the root to the two given nodes": "https://www.geeksforgeeks.org/print-path-common-two-paths-root-two-given-nodes/",
    "Product of nodes at k-th level in a tree represented as string": "https://www.geeksforgeeks.org/product-nodes-k-th-level-tree-represented-string/",
    "Program to count leaf nodes in a binary tree": "https://www.geeksforgeeks.org/write-a-c-program-to-get-count-of-leaf-nodes-in-a-binary-tree/",
    "Prufer Code to Tree Creation": "https://www.geeksforgeeks.org/prufer-code-tree-creation/",
    "Quad Tree": "https://www.geeksforgeeks.org/quad-tree/",
    "Queries for DFS of a subtree in a tree": "https://www.geeksforgeeks.org/queries-for-dfs-of-a-subtree-in-a-tree/",
    "Queries for M-th node in the DFS of subtree": "https://www.geeksforgeeks.org/queries-for-m-th-node-in-the-dfs-of-subtree/",
    "Queries to find distance between two nodes of a Binary tree": "https://www.geeksforgeeks.org/queries-find-distance-two-nodes-binary-tree/",
    "Queries to find distance between two nodes of a Binary tree  – O(logn) method": "https://www.geeksforgeeks.org/queries-find-distance-two-nodes-binary-tree-ologn-method/",
    "Query for ancestor-descendant relationship in a tree": "https://www.geeksforgeeks.org/query-ancestor-descendant-relationship-tree/",
    "Range LCM Queries": "https://www.geeksforgeeks.org/range-lcm-queries/",
    "Range and Update Query for Chessboard Pieces": "https://www.geeksforgeeks.org/range-update-query-chessboard-pieces/",
    "Range query for Largest Sum Contiguous Subarray": "https://www.geeksforgeeks.org/range-query-largest-sum-contiguous-subarray/",
    "Relationship between number of nodes and height of binary tree": "https://www.geeksforgeeks.org/relationship-number-nodes-height-binary-tree/",
    "Remove all nodes which don’t lie in any path with sum>= k": "https://www.geeksforgeeks.org/remove-all-nodes-which-lie-on-a-path-having-sum-less-than-k/",
    "Remove nodes on root to leaf paths of length < K": "https://www.geeksforgeeks.org/remove-nodes-root-leaf-paths-length-k/",
    "Replace each node in binary tree with the sum of its inorder predecessor and successor": "https://www.geeksforgeeks.org/replace-node-binary-tree-sum-inorder-predecessor-successor/",
    "Replace node with depth in a binary tree": "https://www.geeksforgeeks.org/replace-node-with-depth-in-a-binary-tree/",
    "Reverse Level Order Traversal": "https://www.geeksforgeeks.org/reverse-level-order-traversal/",
    "Reverse Morris traversal using Threaded Binary Tree": "https://www.geeksforgeeks.org/reverse-morris-traversal-using-threaded-binary-tree/",
    "Reverse alternate levels of a perfect binary tree": "https://www.geeksforgeeks.org/reverse-alternate-levels-binary-tree/",
    "Reverse tree path": "https://www.geeksforgeeks.org/reverse-tree-path/",
    "Right view of Binary Tree using Queue": "https://www.geeksforgeeks.org/right-view-binary-tree-using-queue/",
    "Root to leaf path sum equal to a given number": "https://www.geeksforgeeks.org/root-to-leaf-path-sum-equal-to-a-given-number/",
    "Root to leaf path with maximum distinct nodes": "https://www.geeksforgeeks.org/root-leaf-path-maximum-distinct-nodes/",
    "Root to leaf paths having equal lengths in a Binary Tree": "https://www.geeksforgeeks.org/root-leaf-paths-equal-lengths-binary-tree/",
    "ScapeGoat Tree | Set 1 (Introduction and Insertion)": "https://www.geeksforgeeks.org/scapegoat-tree-set-1-introduction-insertion/",
    "Second Largest element in n-ary tree": "https://www.geeksforgeeks.org/second-largest-element-n-ary-tree/",
    "Segment Tree | Set 1 (Sum of given range)": "https://www.geeksforgeeks.org/segment-tree-set-1-sum-of-given-range/",
    "Segment Tree | Set 2 (Range Minimum Query)": "https://www.geeksforgeeks.org/segment-tree-set-1-range-minimum-query/",
    "Segment Tree | Set 3 (XOR of given range)": "https://www.geeksforgeeks.org/segment-tree-set-3-xor-given-range/",
    "Select a Random Node from a tree with equal probability": "https://www.geeksforgeeks.org/select-random-node-tree-equal-probability/",
    "Serialize and Deserialize a Binary Tree": "https://www.geeksforgeeks.org/serialize-deserialize-binary-tree/",
    "Serialize and Deserialize an N-ary Tree": "https://www.geeksforgeeks.org/serialize-deserialize-n-ary-tree/",
    "Shortest distance between two nodes in an infinite binary tree": "https://www.geeksforgeeks.org/shortest-distance-between-two-nodes-in-an-infinite-binary-tree/",
    "Shortest path between two nodes in array like representation of  binary tree": "https://www.geeksforgeeks.org/shortest-path-between-two-nodes-in-array-like-representation-of-binary-tree/",
    "Sink Odd nodes in Binary Tree": "https://www.geeksforgeeks.org/sink-odd-nodes-binary-tree/",
    "Smallest Subarray with given GCD": "https://www.geeksforgeeks.org/smallest-subarray-with-given-gcd/",
    "Smallest number in BST which is greater than or equal to N": "https://www.geeksforgeeks.org/smallest-number-in-bst-which-is-greater-than-or-equal-to-n/",
    "Smallest number in BST which is greater than or equal to N ( Iterative Approach)": "https://www.geeksforgeeks.org/smallest-number-in-bst-which-is-greater-than-or-equal-to-n-iterative-approach/",
    "Smallest value in each level of Binary Tree": "https://www.geeksforgeeks.org/smallest-value-level-binary-tree/",
    "Sorted Array to Balanced BST": "https://www.geeksforgeeks.org/sorted-array-to-balanced-bst/",
    "Splay Tree | Set 3 (Delete)": "https://www.geeksforgeeks.org/splay-tree-set-3-delete/",
    "Sqrt (or Square Root) Decomposition | Set 2 (LCA of Tree in O(sqrt(height)) time)": "https://www.geeksforgeeks.org/sqrt-square-root-decomposition-set-2-lca-tree-osqrth-time/",
    "Sub-tree with minimum color difference in a 2-coloured tree": "https://www.geeksforgeeks.org/sub-tree-minimum-color-difference-2-coloured-tree/",
    "Subtree of all nodes in a tree using DFS": "https://www.geeksforgeeks.org/sub-tree-nodes-tree-using-dfs/",
    "Subtree with given sum in a Binary Tree": "https://www.geeksforgeeks.org/subtree-given-sum-binary-tree/",
    "Subtrees formed after bursting nodes": "https://www.geeksforgeeks.org/subtrees-formed-bursting-nodes/",
    "Succinct Encoding of Binary Tree": "https://www.geeksforgeeks.org/succinct-encoding-of-binary-tree/",
    "Sudo Placement[1.4] | BST Traversal": "https://www.geeksforgeeks.org/sudo-placement1-4-bst-traversal/",
    "Sudo Placement[1.4] | Jumping the Subtree": "https://www.geeksforgeeks.org/sudo-placement1-4-jumping-the-subtree/",
    "Sum of Interval and Update with Number of Divisors": "https://www.geeksforgeeks.org/sum-interval-update-number-divisors/",
    "Sum of all elements of N-ary Tree": "https://www.geeksforgeeks.org/sum-elements-n-ary-tree/",
    "Sum of all leaf nodes of binary tree": "https://www.geeksforgeeks.org/sum-leaf-nodes-binary-tree/",
    "Sum of all nodes in a binary tree": "https://www.geeksforgeeks.org/sum-nodes-binary-tree/",
    "Sum of all the numbers that are formed from root to leaf paths": "https://www.geeksforgeeks.org/sum-numbers-formed-root-leaf-paths/",
    "Sum of all the parent nodes having child node x": "https://www.geeksforgeeks.org/sum-parent-nodes-child-node-x/",
    "Sum of heights of all individual nodes in a binary tree": "https://www.geeksforgeeks.org/sum-heights-individual-nodes-binary-tree/",
    "Sum of k largest elements in BST": "https://www.geeksforgeeks.org/sum-of-k-largest-elements-in-bst/",
    "Sum of leaf nodes at minimum level": "https://www.geeksforgeeks.org/sum-leaf-nodes-minimum-level/",
    "Sum of nodes at k-th level in a tree represented as string": "https://www.geeksforgeeks.org/sum-nodes-k-th-level-tree-represented-string/",
    "Sum of nodes at maximum depth of a Binary Tree": "https://www.geeksforgeeks.org/sum-nodes-maximum-depth-binary-tree/",
    "Sum of nodes at maximum depth of a Binary Tree | Iterative Approach": "https://www.geeksforgeeks.org/sum-of-nodes-at-maximum-depth-of-a-binary-tree-iterative-approach/",
    "Sum of nodes on the longest path from root to leaf node": "https://www.geeksforgeeks.org/sum-nodes-longest-path-root-leaf-node/",
    "Swap Nodes in Binary tree of every k’th level": "https://www.geeksforgeeks.org/swap-nodes-binary-tree-every-kth-level/",
    "Symmetric Tree (Mirror Image of itself)": "https://www.geeksforgeeks.org/symmetric-tree-tree-which-is-mirror-image-of-itself/",
    "Ternary Search Tree (Deletion)": "https://www.geeksforgeeks.org/ternary-search-tree-deletion/",
    "The Great Tree-List Recursion Problem.": "https://www.geeksforgeeks.org/the-great-tree-list-recursion-problem/",
    "Threaded Binary Tree": "https://www.geeksforgeeks.org/threaded-binary-tree/",
    "Threaded Binary Tree | Insertion": "https://www.geeksforgeeks.org/threaded-binary-tree-insertion/",
    "Tilt of Binary Tree": "https://www.geeksforgeeks.org/tilt-binary-tree/",
    "Top three elements in binary tree": "https://www.geeksforgeeks.org/top-three-elements-binary-tree/",
    "Total nodes traversed in Euler Tour Tree": "https://www.geeksforgeeks.org/total-nodes-traversed-in-euler-tour-tree/",
    "Total sum except adjacent of a given node in a Binary Tree": "https://www.geeksforgeeks.org/total-sum-except-adjacent-of-a-given-node-in-a-binary-tree/",
    "Traversal of tree with k jumps allowed between nodes of same height": "https://www.geeksforgeeks.org/traversal-tree-ability-jump-nodes-height/",
    "Tree Isomorphism Problem": "https://www.geeksforgeeks.org/tree-isomorphism-problem/",
    "Tree Traversals (Inorder, Preorder and Postorder)": "https://www.geeksforgeeks.org/tree-traversals-inorder-preorder-and-postorder/",
    "Two Dimensional Segment Tree | Sub-Matrix Sum": "https://www.geeksforgeeks.org/two-dimensional-segment-tree-sub-matrix-sum/",
    "Vertical Sum in Binary Tree | Set 2 (Space Optimized)": "https://www.geeksforgeeks.org/vertical-sum-in-binary-tree-set-space-optimized/",
    "Vertical Sum in a given Binary Tree | Set 1": "https://www.geeksforgeeks.org/vertical-sum-in-a-given-binary-tree/",
    "Vertical width of Binary tree | Set 1": "https://www.geeksforgeeks.org/width-binary-tree-set-1/",
    "Vertical width of Binary tree | Set 2": "https://www.geeksforgeeks.org/vertical-width-binary-tree-set-2/",
    "Ways to color a skewed tree such that parent and child have different colors": "https://www.geeksforgeeks.org/ways-to-color-a-skewed-tree-such-that-parent-and-child-have-different-colors/",
    "Write Code to Determine if Two Trees are Identical": "https://www.geeksforgeeks.org/write-c-code-to-determine-if-two-trees-are-identical/",
    "Write a  program to Delete a Tree": "https://www.geeksforgeeks.org/write-a-c-program-to-delete-a-tree/",
    "Write a Program to Find the Maximum Depth or Height of a Tree": "https://www.geeksforgeeks.org/write-a-c-program-to-find-the-maximum-depth-or-height-of-a-tree/",
    "Write a program to Calculate Size of a tree | Recursion": "https://www.geeksforgeeks.org/write-a-c-program-to-calculate-size-of-a-tree/",
    "XOR of numbers that appeared even number of times in given Range": "https://www.geeksforgeeks.org/xor-numbers-appeared-even-number-times-given-range/",
    "ZigZag Tree Traversal": "https://www.geeksforgeeks.org/zigzag-tree-traversal/",
    "nth Rational number in Calkin-Wilf sequence": "https://www.geeksforgeeks.org/nth-rational-number-in-calkin-wilf-sequence/"
}